Date,MinTemp,MaxTemp,Rainfall,Evaporation,Sunshine,WindGustSpeed,WindSpeed9am,WindSpeed3pm,Humidity9am,Humidity3pm,Pressure9am,Pressure3pm,Cloud9am,Cloud3pm,Temp9am,Temp3pm
2013-03-01,16.5,20.1,31.8,6.8,0.0,63.0,26.0,26.0,86.0,85.0,1014.4,1016.2,8.0,8.0,19.5,18.7
2013-03-02,17.9,23.1,15.2,6.2,0.1,57.0,30.0,31.0,73.0,78.0,1021.0,1020.8,7.0,8.0,19.0,20.1
2013-03-03,17.7,25.5,7.4,4.8,6.8,56.0,30.0,30.0,63.0,56.0,1021.6,1020.4,7.0,6.0,23.1,24.8
2013-03-04,19.5,26.1,4.4,6.6,9.6,39.0,22.0,22.0,53.0,49.0,1021.9,1020.9,3.0,3.0,23.7,25.1
2013-03-05,20.5,26.8,0.2,6.0,9.1,35.0,20.0,28.0,70.0,48.0,1021.7,1020.0,6.0,3.0,23.1,25.8
2013-03-06,20.2,27.3,0.0,7.4,7.6,39.0,6.0,24.0,78.0,55.0,1020.9,1018.4,7.0,3.0,21.6,25.6
2013-03-07,18.6,27.1,0.0,7.4,11.4,39.0,11.0,24.0,67.0,52.0,1019.9,1017.4,1.0,1.0,22.8,26.3
2013-03-08,20.3,26.8,0.0,7.8,6.1,31.0,9.0,20.0,67.0,57.0,1022.1,1020.5,4.0,4.0,22.4,26.2
2013-03-09,21.2,27.2,0.6,6.8,6.6,39.0,13.0,24.0,75.0,53.0,1021.3,1019.0,5.0,3.0,22.5,26.0
2013-03-10,19.6,28.0,0.0,7.4,9.8,35.0,7.0,20.0,67.0,49.0,1020.1,1017.5,5.0,5.0,22.3,25.5
2013-03-11,20.7,27.4,0.0,7.8,9.3,35.0,9.0,26.0,72.0,64.0,1020.7,1019.6,5.0,5.0,23.2,25.4
2013-03-12,20.4,26.4,0.0,6.4,7.9,30.0,13.0,19.0,78.0,58.0,1021.0,1018.4,7.0,2.0,21.9,25.7
2013-03-13,18.3,28.3,0.0,5.4,11.1,46.0,7.0,26.0,72.0,52.0,1014.5,1010.9,1.0,1.0,21.5,26.3
2013-03-14,20.8,24.3,0.0,7.8,1.3,43.0,7.0,11.0,72.0,68.0,1012.0,1011.2,6.0,7.0,23.1,24.0
2013-03-15,19.7,25.0,1.0,2.6,2.0,43.0,24.0,26.0,78.0,70.0,1016.1,1015.7,7.0,7.0,20.8,22.5
2013-03-16,20.1,28.7,0.2,4.2,10.7,31.0,11.0,20.0,70.0,65.0,1013.6,1008.9,1.0,3.0,23.3,25.8
2013-03-17,18.7,24.0,0.0,6.8,10.8,65.0,24.0,31.0,48.0,35.0,1013.0,1015.0,2.0,1.0,19.2,23.2
2013-03-18,13.9,23.8,0.0,8.6,10.2,41.0,20.0,24.0,55.0,44.0,1021.1,1020.2,2.0,2.0,16.8,22.3
2013-03-19,14.3,24.7,0.0,6.4,10.7,28.0,17.0,19.0,66.0,48.0,1024.2,1022.8,2.0,3.0,16.3,23.0
2013-03-20,16.1,24.8,0.0,5.4,9.9,37.0,13.0,20.0,71.0,53.0,1025.4,1022.3,3.0,3.0,19.3,24.5
2013-03-21,18.5,26.3,0.0,6.6,8.0,54.0,7.0,26.0,60.0,50.0,1019.4,1014.3,2.0,7.0,21.1,25.0
2013-03-22,21.1,31.8,0.0,6.8,4.4,59.0,20.0,20.0,56.0,41.0,1013.5,1011.0,6.0,7.0,26.1,31.5
2013-03-23,21.6,27.0,1.0,8.4,8.5,30.0,4.0,24.0,73.0,73.0,1016.5,1013.7,4.0,5.0,24.2,24.0
2013-03-24,20.6,28.4,0.8,4.8,10.5,28.0,9.0,17.0,71.0,65.0,1015.9,1011.5,1.0,1.0,22.6,26.4
2013-03-25,17.9,30.0,0.0,7.0,11.0,30.0,19.0,13.0,57.0,49.0,1018.3,1017.5,1.0,2.0,21.8,29.5
2013-03-26,20.6,26.9,0.0,4.4,4.3,39.0,9.0,24.0,83.0,73.0,1019.4,1016.3,7.0,7.0,21.7,25.5
2013-03-27,20.8,27.7,0.0,5.4,10.8,48.0,0.0,22.0,75.0,64.0,1019.0,1015.7,1.0,1.0,23.4,26.7
2013-03-28,21.5,33.5,0.0,7.0,7.3,37.0,2.0,11.0,71.0,34.0,1016.8,1012.1,1.0,7.0,23.4,30.9
2013-03-29,16.7,22.3,3.0,8.0,8.3,44.0,22.0,20.0,48.0,48.0,1018.5,1017.7,1.0,7.0,19.2,20.9
2013-03-30,14.8,23.6,0.0,5.2,10.6,35.0,13.0,24.0,62.0,53.0,1017.6,1012.8,1.0,6.0,18.7,22.6
2013-03-31,17.9,25.4,0.0,5.0,7.3,44.0,13.0,28.0,78.0,38.0,1011.4,1010.8,7.0,6.0,18.3,24.4
2013-04-01,17.4,24.3,2.8,6.6,5.8,26.0,13.0,17.0,83.0,56.0,1017.9,1015.5,6.0,3.0,18.6,23.5
2013-04-02,16.3,26.2,0.0,3.8,10.9,39.0,19.0,19.0,67.0,41.0,1016.0,1013.8,0.0,2.0,19.0,25.4
2013-04-03,17.0,18.6,27.4,6.6,0.0,48.0,22.0,20.0,88.0,79.0,1020.9,1021.7,7.0,8.0,17.0,18.0
2013-04-04,15.7,20.9,61.4,5.0,0.4,31.0,17.0,9.0,93.0,89.0,1028.2,1027.8,8.0,8.0,16.6,17.7
2013-04-05,15.6,23.6,18.4,0.8,4.3,24.0,9.0,7.0,83.0,55.0,1030.4,1028.4,7.0,6.0,17.5,22.9
2013-04-06,15.6,20.6,2.4,3.6,1.6,31.0,11.0,6.0,93.0,75.0,1028.0,1025.2,5.0,7.0,17.0,18.8
2013-04-07,14.2,22.7,3.8,2.4,7.0,22.0,9.0,15.0,73.0,62.0,1024.5,1021.6,3.0,3.0,19.0,22.2
2013-04-08,14.6,24.2,2.0,3.4,8.3,26.0,15.0,17.0,72.0,61.0,1025.3,1023.9,1.0,6.0,18.4,22.5
2013-04-09,15.6,22.0,5.2,2.4,3.6,24.0,15.0,6.0,90.0,73.0,1026.7,1024.3,6.0,3.0,16.7,20.7
2013-04-10,14.4,24.1,2.0,2.2,10.4,30.0,13.0,20.0,72.0,57.0,1024.8,1021.3,1.0,2.0,18.9,23.0
2013-04-11,15.2,25.3,0.0,4.6,10.8,26.0,13.0,17.0,71.0,43.0,1023.5,1021.6,1.0,1.0,19.0,24.7
2013-04-12,15.6,26.0,0.0,4.4,10.3,31.0,13.0,19.0,73.0,47.0,1025.9,1022.8,1.0,1.0,19.7,24.2
2013-04-13,15.7,25.4,0.0,4.8,10.7,35.0,17.0,22.0,71.0,55.0,1021.5,1016.4,1.0,1.0,19.6,23.7
2013-04-14,16.1,27.7,0.0,5.4,10.6,24.0,17.0,13.0,72.0,54.0,1013.9,1010.9,2.0,2.0,19.0,25.2
2013-04-15,17.4,27.9,0.0,5.8,5.7,37.0,9.0,11.0,75.0,49.0,1010.1,1007.4,7.0,4.0,19.0,26.2
2013-04-16,16.9,22.0,7.0,3.2,4.4,41.0,17.0,20.0,88.0,69.0,1015.0,1013.5,8.0,6.0,17.2,21.4
2013-04-17,14.2,23.6,0.0,4.0,7.7,30.0,13.0,17.0,75.0,65.0,1016.7,1014.0,1.0,7.0,17.7,21.9
2013-04-18,15.4,24.5,0.2,2.6,9.1,41.0,15.0,26.0,76.0,69.0,1014.7,1012.5,1.0,6.0,18.5,21.4
2013-04-19,13.3,20.2,0.4,4.6,10.5,65.0,20.0,35.0,50.0,39.0,1014.7,1012.8,2.0,4.0,15.3,20.0
2013-04-20,12.2,19.0,33.6,,1.2,65.0,17.0,30.0,92.0,68.0,1013.7,1014.1,8.0,7.0,14.6,17.5
2013-04-21,10.9,22.2,32.8,2.8,9.7,33.0,15.0,15.0,71.0,56.0,1016.1,1012.4,1.0,1.0,14.4,20.0
2013-04-22,13.9,24.7,0.2,2.6,8.1,41.0,13.0,11.0,85.0,39.0,1011.0,1006.9,6.0,2.0,14.6,24.2
2013-04-23,12.7,25.3,0.2,3.6,10.4,43.0,15.0,15.0,57.0,43.0,1012.7,1011.7,1.0,2.0,16.9,23.4
2013-04-24,12.3,23.8,0.0,3.6,10.8,35.0,20.0,13.0,62.0,27.0,1018.9,1015.9,1.0,1.0,15.5,23.4
2013-04-25,12.5,23.2,0.0,4.8,10.1,33.0,20.0,17.0,52.0,45.0,1021.8,1019.5,2.0,1.0,15.1,20.3
2013-04-26,14.0,27.2,0.0,3.4,10.7,41.0,17.0,13.0,56.0,30.0,1022.6,1019.1,1.0,0.0,17.3,25.9
2013-04-27,14.0,26.3,0.0,4.4,9.5,26.0,17.0,19.0,65.0,51.0,1022.0,1017.7,1.0,1.0,17.2,22.6
2013-04-28,14.4,28.7,0.0,4.6,10.1,28.0,7.0,15.0,59.0,29.0,1019.0,1016.0,1.0,1.0,18.6,28.1
2013-04-29,15.9,26.5,0.0,6.2,9.3,26.0,13.0,13.0,59.0,73.0,1022.4,1020.9,1.0,3.0,18.5,22.6
2013-04-30,18.4,22.7,0.0,2.8,4.0,35.0,15.0,19.0,80.0,71.0,1025.6,1022.4,7.0,7.0,19.7,20.5
2013-05-01,16.9,25.0,0.0,1.2,7.4,37.0,15.0,17.0,86.0,61.0,1018.7,1014.3,7.0,5.0,18.1,24.2
2013-05-02,14.4,20.3,0.0,5.6,7.4,46.0,13.0,20.0,53.0,51.0,1025.3,1025.2,1.0,4.0,15.1,18.7
2013-05-03,11.1,22.9,0.0,3.0,10.2,31.0,19.0,19.0,72.0,51.0,1026.7,1020.5,1.0,7.0,14.0,20.9
2013-05-04,14.0,26.4,0.0,4.4,6.2,56.0,19.0,37.0,50.0,56.0,1017.9,1018.5,7.0,3.0,17.4,20.2
2013-05-05,12.7,20.1,0.0,6.4,9.1,37.0,15.0,7.0,56.0,38.0,1025.1,1022.1,6.0,1.0,14.5,19.7
2013-05-06,10.8,20.1,0.0,3.4,8.2,35.0,13.0,17.0,68.0,60.0,1026.6,1024.5,3.0,7.0,14.3,19.2
2013-05-07,11.7,21.5,0.0,3.0,8.8,31.0,13.0,19.0,76.0,55.0,1028.7,1027.1,2.0,6.0,15.2,19.9
2013-05-08,12.4,21.6,0.0,3.4,5.3,22.0,13.0,9.0,80.0,51.0,1031.1,1028.1,7.0,4.0,15.2,21.2
2013-05-09,12.1,23.2,0.0,1.8,10.2,24.0,17.0,13.0,79.0,54.0,1030.7,1027.4,1.0,1.0,14.7,22.0
2013-05-10,12.5,23.5,0.0,3.6,10.0,26.0,20.0,13.0,77.0,53.0,1030.8,1028.4,1.0,1.0,14.3,22.9
2013-05-11,13.0,22.1,0.0,2.0,4.3,31.0,22.0,22.0,77.0,69.0,1030.2,1027.5,5.0,6.0,15.2,20.8
2013-05-12,14.0,22.1,0.0,3.6,7.0,28.0,13.0,13.0,93.0,59.0,1027.2,1022.7,8.0,2.0,14.3,21.4
2013-05-13,13.7,22.8,0.0,2.0,1.8,28.0,9.0,11.0,88.0,53.0,1018.9,1014.2,7.0,8.0,14.4,21.9
2013-05-14,14.2,21.3,0.0,2.4,6.9,41.0,20.0,13.0,60.0,31.0,1013.8,1011.1,7.0,6.0,14.2,20.0
2013-05-15,9.2,20.6,0.2,2.8,9.8,46.0,15.0,28.0,59.0,34.0,1013.2,1009.6,1.0,3.0,13.6,20.1
2013-05-16,13.6,20.6,0.0,5.4,8.3,50.0,22.0,31.0,55.0,36.0,1010.3,1007.3,2.0,3.0,16.9,19.4
2013-05-17,12.2,19.6,0.0,4.6,10.1,57.0,24.0,28.0,50.0,33.0,1011.9,1010.4,1.0,1.0,14.7,18.6
2013-05-18,11.1,20.6,0.0,3.8,10.1,41.0,17.0,22.0,53.0,31.0,1014.7,1011.8,1.0,1.0,13.2,19.1
2013-05-19,9.8,20.2,0.0,3.6,9.1,39.0,20.0,20.0,54.0,30.0,1016.8,1014.1,2.0,1.0,12.1,19.0
2013-05-20,10.1,20.7,0.0,4.0,8.5,44.0,19.0,22.0,61.0,37.0,1018.7,1014.7,4.0,3.0,11.3,19.6
2013-05-21,10.1,22.5,0.0,4.0,9.1,54.0,22.0,20.0,55.0,32.0,1015.3,1012.3,3.0,7.0,15.4,21.8
2013-05-22,9.4,16.0,0.0,2.2,1.3,31.0,17.0,20.0,71.0,79.0,1015.0,1010.1,6.0,8.0,11.2,14.5
2013-05-23,10.6,17.4,27.2,5.2,0.7,48.0,11.0,22.0,93.0,71.0,1013.7,1012.7,7.0,6.0,13.4,16.4
2013-05-24,12.7,20.6,30.6,2.4,5.8,48.0,28.0,24.0,89.0,47.0,1019.1,1017.9,7.0,7.0,13.0,20.1
2013-05-25,10.6,21.3,20.0,3.8,9.4,,22.0,15.0,83.0,50.0,1023.7,1022.1,1.0,1.0,12.2,20.8
2013-05-26,9.5,21.3,0.0,1.8,10.1,30.0,20.0,4.0,70.0,45.0,1025.7,1023.0,1.0,1.0,11.3,20.2
2013-05-27,10.6,20.2,3.4,3.2,7.1,41.0,22.0,24.0,84.0,58.0,1029.4,1028.2,5.0,5.0,11.6,19.4
2013-05-28,11.6,19.3,28.6,1.2,3.2,30.0,11.0,15.0,94.0,75.0,1032.8,1030.2,8.0,8.0,12.9,17.8
2013-05-29,11.3,21.1,0.2,2.0,4.9,20.0,15.0,15.0,94.0,60.0,1031.4,1027.8,8.0,3.0,12.3,20.6
2013-05-30,11.7,21.4,0.0,2.6,5.7,24.0,15.0,7.0,90.0,67.0,1029.3,1025.9,4.0,5.0,12.8,20.0
2013-05-31,11.8,24.9,0.0,1.6,9.1,,9.0,13.0,84.0,40.0,1028.0,1023.8,1.0,5.0,13.9,24.1
2013-06-01,13.9,21.2,0.0,4.0,3.0,52.0,11.0,17.0,62.0,61.0,1019.4,1014.1,6.0,7.0,18.7,19.9
2013-06-02,14.4,15.8,14.8,3.0,1.8,81.0,20.0,24.0,92.0,68.0,1006.1,1009.8,8.0,7.0,14.7,14.0
2013-06-03,9.9,19.5,34.4,4.6,9.7,,24.0,13.0,57.0,44.0,1020.5,1018.9,1.0,1.0,11.7,19.1
2013-06-04,10.3,21.1,0.0,3.6,9.3,41.0,24.0,9.0,66.0,53.0,1026.3,1023.8,3.0,1.0,12.2,20.7
2013-06-05,10.5,19.3,0.0,3.4,2.3,26.0,7.0,13.0,87.0,70.0,1025.8,1021.6,8.0,7.0,11.7,18.3
2013-06-06,11.7,20.1,0.0,1.6,2.3,26.0,15.0,6.0,61.0,59.0,1022.8,1020.0,7.0,8.0,14.9,19.2
2013-06-07,14.9,22.2,0.0,2.0,1.8,41.0,20.0,15.0,70.0,55.0,1019.8,1018.5,8.0,6.0,18.5,21.6
2013-06-08,13.5,19.2,0.0,3.0,1.5,43.0,19.0,11.0,73.0,53.0,1030.7,1028.6,7.0,7.0,14.2,17.5
2013-06-09,11.0,18.9,0.0,7.0,6.9,26.0,13.0,15.0,80.0,63.0,1028.6,1024.3,4.0,7.0,12.6,18.4
2013-06-10,10.5,21.5,0.0,1.4,3.9,28.0,13.0,17.0,90.0,67.0,1021.6,1018.7,2.0,8.0,11.1,18.5
2013-06-11,10.5,19.6,0.8,0.2,8.5,30.0,17.0,9.0,94.0,54.0,1021.0,1017.6,3.0,6.0,11.3,18.4
2013-06-12,10.4,16.0,0.0,2.0,1.0,41.0,13.0,19.0,85.0,90.0,1015.1,1009.7,7.0,6.0,11.6,15.8
2013-06-13,10.6,20.9,8.4,0.6,8.6,48.0,15.0,20.0,89.0,45.0,1007.0,1004.3,3.0,3.0,13.4,20.1
2013-06-14,11.7,20.1,0.0,3.6,7.0,46.0,17.0,22.0,64.0,46.0,1005.2,1002.9,2.0,6.0,14.0,18.5
2013-06-15,13.0,17.6,0.0,4.0,5.0,43.0,24.0,11.0,58.0,46.0,1009.9,1009.9,4.0,7.0,13.8,17.3
2013-06-16,9.7,19.1,0.0,3.2,9.5,41.0,24.0,15.0,59.0,50.0,1014.4,1011.6,2.0,4.0,11.8,16.6
2013-06-17,8.5,17.7,0.0,3.8,3.8,44.0,26.0,17.0,65.0,56.0,1009.5,1008.3,6.0,6.0,11.0,15.7
2013-06-18,8.0,19.2,0.0,1.6,8.0,43.0,26.0,17.0,76.0,52.0,1013.5,1012.2,1.0,2.0,9.6,16.1
2013-06-19,8.7,16.1,15.6,3.2,0.0,52.0,24.0,26.0,80.0,65.0,1021.7,1021.3,6.0,7.0,10.5,14.3
2013-06-20,8.7,16.6,1.4,2.8,7.2,39.0,26.0,20.0,71.0,57.0,1024.2,1021.0,3.0,6.0,9.9,15.6
2013-06-21,8.0,17.3,0.0,2.0,8.1,31.0,19.0,15.0,79.0,58.0,1021.6,1019.1,5.0,2.0,9.6,16.1
2013-06-22,7.7,13.5,1.2,2.4,0.0,39.0,26.0,17.0,87.0,83.0,1024.9,1024.2,7.0,7.0,7.9,11.9
2013-06-23,7.6,13.9,56.2,0.4,0.2,41.0,7.0,19.0,93.0,90.0,1028.5,1026.7,7.0,7.0,11.0,11.9
2013-06-24,9.6,13.8,53.4,0.2,0.1,39.0,17.0,11.0,91.0,77.0,1021.7,1017.9,7.0,7.0,10.2,13.1
2013-06-25,10.0,16.7,5.0,2.4,0.2,41.0,17.0,9.0,93.0,90.0,1016.3,1014.8,8.0,6.0,10.6,13.8
2013-06-26,10.5,19.8,15.6,1.4,4.3,52.0,31.0,20.0,84.0,63.0,1019.8,1020.0,7.0,7.0,16.7,19.2
2013-06-27,12.8,18.8,0.8,3.4,2.4,26.0,15.0,19.0,93.0,64.0,1022.9,1020.7,7.0,7.0,13.4,17.6
2013-06-28,12.9,16.1,16.8,2.8,0.0,41.0,9.0,15.0,93.0,83.0,1023.7,1022.5,7.0,7.0,13.3,16.0
2013-06-29,12.7,14.2,41.0,3.2,0.0,28.0,9.0,9.0,90.0,87.0,1024.8,1023.0,8.0,8.0,13.6,13.2
2013-06-30,11.3,17.1,51.0,2.0,2.2,37.0,11.0,9.0,94.0,82.0,1025.7,1023.5,7.0,5.0,12.4,16.6
2013-07-01,8.8,20.1,9.8,0.8,9.8,26.0,20.0,7.0,89.0,56.0,1024.4,1021.9,1.0,1.0,10.3,18.5
2013-07-02,8.8,19.9,0.0,2.2,9.8,33.0,20.0,4.0,77.0,46.0,1024.9,1021.0,1.0,2.0,10.2,18.9
2013-07-03,8.1,19.8,0.0,2.2,9.5,26.0,19.0,13.0,82.0,53.0,1024.4,1020.8,1.0,0.0,9.5,19.2
2013-07-04,8.5,23.4,0.0,2.6,9.8,43.0,17.0,22.0,57.0,38.0,1016.3,1011.5,0.0,1.0,14.7,22.6
2013-07-05,14.7,19.5,0.0,4.0,9.7,65.0,20.0,33.0,54.0,30.0,1010.9,1010.8,1.0,1.0,16.0,18.5
2013-07-06,7.8,17.4,0.0,4.2,9.8,37.0,13.0,19.0,57.0,31.0,1020.1,1018.1,0.0,0.0,10.2,17.1
2013-07-07,7.4,19.1,0.0,4.0,9.5,35.0,19.0,11.0,62.0,35.0,1026.9,1025.6,1.0,1.0,10.0,17.7
2013-07-08,7.4,19.2,0.0,2.2,9.1,33.0,19.0,17.0,68.0,36.0,1031.7,1029.9,0.0,3.0,9.3,17.7
2013-07-09,8.7,13.6,1.6,3.0,1.0,30.0,19.0,17.0,83.0,84.0,1035.0,1033.6,5.0,7.0,9.3,11.8
2013-07-10,8.9,15.9,8.0,1.2,2.7,24.0,17.0,13.0,84.0,71.0,1033.5,1031.6,7.0,6.0,10.3,14.8
2013-07-11,8.2,18.4,0.0,1.2,8.2,30.0,20.0,9.0,91.0,62.0,1035.3,1032.2,2.0,5.0,9.1,17.0
2013-07-12,8.3,20.2,0.2,1.2,8.4,30.0,17.0,6.0,92.0,46.0,1031.1,1027.1,1.0,1.0,9.6,19.2
2013-07-13,8.3,17.4,0.0,3.0,5.0,26.0,15.0,2.0,85.0,61.0,1029.2,1027.3,7.0,6.0,10.9,17.3
2013-07-14,8.9,18.4,0.0,1.0,8.5,24.0,11.0,15.0,88.0,60.0,1028.4,1025.4,4.0,8.0,10.7,17.5
2013-07-15,10.7,22.0,0.2,3.6,1.7,33.0,4.0,13.0,78.0,58.0,1024.6,1021.9,7.0,7.0,15.4,19.4
2013-07-16,14.4,21.6,1.4,0.2,3.4,26.0,9.0,13.0,88.0,67.0,1024.7,1022.1,7.0,4.0,15.1,19.6
2013-07-17,13.0,24.3,4.8,1.8,8.7,22.0,9.0,9.0,85.0,48.0,1023.8,1020.6,4.0,3.0,14.5,23.0
2013-07-18,13.3,22.6,0.0,2.4,3.9,30.0,7.0,13.0,85.0,72.0,1022.9,1019.4,7.0,7.0,15.1,19.4
2013-07-19,15.0,20.4,0.0,3.2,1.6,57.0,15.0,17.0,66.0,73.0,1015.7,1011.7,4.0,7.0,18.1,17.5
2013-07-20,14.5,20.4,0.8,2.4,8.9,48.0,17.0,26.0,65.0,38.0,1009.3,1005.4,2.0,2.0,16.5,19.8
2013-07-21,8.5,16.3,0.2,6.4,10.1,54.0,24.0,31.0,49.0,29.0,1016.0,1013.2,1.0,1.0,11.0,16.0
2013-07-22,8.7,17.2,0.0,3.8,9.9,54.0,17.0,26.0,54.0,28.0,1019.4,1016.3,2.0,2.0,12.2,16.6
2013-07-23,7.1,17.7,0.0,3.2,8.0,44.0,17.0,19.0,60.0,42.0,1019.9,1018.5,1.0,7.0,11.0,15.9
2013-07-24,10.1,17.0,0.0,4.0,4.8,48.0,17.0,20.0,61.0,46.0,1026.6,1026.4,1.0,6.0,12.3,16.6
2013-07-25,7.4,19.6,0.0,3.0,8.6,33.0,20.0,9.0,72.0,38.0,1029.8,1026.6,1.0,3.0,8.8,17.9
2013-07-26,7.9,20.3,0.0,3.4,9.3,22.0,15.0,7.0,75.0,32.0,1025.9,1023.3,5.0,1.0,9.2,19.5
2013-07-27,7.4,18.7,0.0,1.8,9.9,28.0,22.0,15.0,62.0,56.0,1031.0,1028.2,1.0,1.0,9.4,17.8
2013-07-28,8.3,18.8,0.0,3.6,6.8,26.0,7.0,17.0,84.0,64.0,1029.8,1025.8,6.0,6.0,9.7,18.1
2013-07-29,9.7,24.0,0.0,2.6,10.2,37.0,22.0,11.0,53.0,35.0,1025.2,1020.8,6.0,1.0,17.6,23.3
2013-07-30,11.1,21.5,0.0,3.4,3.4,48.0,13.0,6.0,73.0,49.0,1019.9,1017.8,6.0,5.0,12.8,19.7
2013-07-31,12.6,18.4,5.6,2.6,8.1,43.0,20.0,22.0,82.0,61.0,1023.9,1022.7,7.0,4.0,13.9,17.0
2013-08-01,8.1,19.6,0.0,3.4,10.1,30.0,24.0,15.0,71.0,54.0,1023.3,1020.1,2.0,3.0,11.0,17.5
2013-08-02,9.1,20.3,0.0,2.2,6.8,31.0,15.0,19.0,83.0,31.0,1018.0,1012.7,7.0,3.0,10.9,19.7
2013-08-03,10.4,19.6,0.0,3.6,10.0,37.0,7.0,4.0,51.0,29.0,1016.0,1012.1,4.0,1.0,13.5,19.2
2013-08-04,10.9,19.9,0.0,4.2,8.5,44.0,9.0,24.0,54.0,29.0,1013.6,1012.2,6.0,5.0,14.0,18.0
2013-08-05,9.5,21.0,0.0,3.8,10.0,50.0,11.0,15.0,52.0,34.0,1017.6,1013.6,1.0,2.0,13.1,20.4
2013-08-06,11.9,23.9,0.0,5.6,8.7,52.0,20.0,17.0,48.0,30.0,1011.9,1008.0,5.0,5.0,16.4,22.1
2013-08-07,10.8,17.9,0.8,4.8,8.3,35.0,17.0,15.0,57.0,49.0,1013.6,1009.3,2.0,7.0,13.0,16.0
2013-08-08,9.3,13.1,9.6,3.8,1.3,57.0,24.0,24.0,85.0,74.0,1008.3,1009.8,7.0,7.0,9.3,12.6
2013-08-09,7.0,17.4,4.2,0.6,6.7,35.0,20.0,9.0,60.0,43.0,1018.9,1014.0,4.0,7.0,11.2,17.1
2013-08-10,10.5,23.5,0.0,4.0,10.6,31.0,11.0,11.0,46.0,33.0,1016.0,1013.4,0.0,1.0,13.4,23.5
2013-08-11,9.0,21.8,0.0,3.8,10.4,31.0,13.0,11.0,61.0,38.0,1018.2,1013.5,1.0,1.0,12.7,19.2
2013-08-12,12.0,24.4,0.2,3.8,5.4,94.0,9.0,48.0,40.0,40.0,1005.8,1004.2,3.0,7.0,19.6,18.9
2013-08-13,9.6,22.8,0.0,5.8,10.8,35.0,13.0,9.0,35.0,25.0,1013.7,1012.2,1.0,1.0,14.5,22.2
2013-08-14,12.5,24.1,0.0,4.2,10.7,39.0,24.0,17.0,39.0,22.0,1013.6,1007.7,2.0,1.0,15.9,23.9
2013-08-15,10.5,18.7,0.0,8.0,10.7,57.0,24.0,19.0,42.0,29.0,1019.0,1019.8,1.0,1.0,12.3,17.7
2013-08-16,7.3,20.6,0.0,3.6,10.7,41.0,17.0,26.0,61.0,36.0,1023.7,1016.9,0.0,0.0,10.8,19.1
2013-08-17,10.7,24.4,0.0,6.2,10.5,57.0,20.0,26.0,41.0,34.0,1010.1,1006.7,1.0,4.0,17.6,22.6
2013-08-18,11.3,23.3,0.0,6.6,10.7,39.0,15.0,20.0,38.0,28.0,1016.9,1011.9,0.0,1.0,16.2,22.8
2013-08-19,13.6,20.9,0.0,7.8,9.9,59.0,7.0,39.0,33.0,25.0,1009.7,1007.0,2.0,5.0,17.0,19.8
2013-08-20,8.4,16.6,0.0,6.2,10.8,56.0,26.0,22.0,43.0,26.0,1013.7,1011.9,1.0,1.0,10.7,15.4
2013-08-21,7.6,18.1,0.0,3.0,10.3,50.0,20.0,20.0,50.0,30.0,1016.3,1013.4,2.0,3.0,11.3,17.5
2013-08-22,7.6,18.1,0.0,5.6,6.7,50.0,19.0,24.0,48.0,32.0,1013.8,1010.2,7.0,7.0,12.5,17.7
2013-08-23,11.8,18.6,0.0,4.0,2.5,56.0,20.0,28.0,50.0,42.0,1010.2,1008.5,7.0,7.0,14.8,17.4
2013-08-24,12.2,22.7,0.0,4.0,10.8,35.0,26.0,19.0,52.0,42.0,1020.1,1020.0,2.0,4.0,15.9,21.8
2013-08-25,9.9,23.6,0.0,4.2,10.7,35.0,17.0,17.0,72.0,53.0,1024.0,1020.4,1.0,1.0,12.7,19.6
2013-08-26,10.3,22.0,0.0,3.6,9.6,33.0,20.0,11.0,54.0,30.0,1024.6,1020.4,3.0,6.0,14.2,21.6
2013-08-27,11.5,21.9,0.0,2.2,9.4,24.0,20.0,15.0,58.0,60.0,1022.0,1018.6,4.0,2.0,15.4,19.9
2013-08-28,11.8,23.3,0.0,3.0,10.8,39.0,20.0,24.0,72.0,38.0,1021.5,1020.2,1.0,2.0,14.9,22.1
2013-08-29,11.4,21.8,0.0,3.8,6.7,56.0,17.0,17.0,69.0,59.0,1024.4,1019.4,6.0,7.0,15.3,20.0
2013-08-30,15.2,24.7,0.0,5.2,10.2,39.0,22.0,6.0,46.0,53.0,1015.1,1011.4,1.0,1.0,21.7,23.5
2013-08-31,14.9,24.5,0.0,5.8,8.2,30.0,22.0,11.0,60.0,34.0,1021.5,1020.0,7.0,4.0,15.9,23.6
2013-09-01,11.4,22.2,0.0,4.8,10.1,26.0,17.0,20.0,57.0,62.0,1028.5,1026.6,1.0,1.0,15.8,20.6
2013-09-02,12.2,22.0,0.0,4.0,11.0,28.0,19.0,17.0,71.0,41.0,1031.2,1029.1,6.0,2.0,15.9,21.4
2013-09-03,12.0,21.9,0.0,4.2,10.4,31.0,11.0,20.0,66.0,56.0,1034.0,1031.3,1.0,1.0,16.4,21.2
2013-09-04,12.2,21.1,0.0,3.8,10.1,41.0,13.0,20.0,75.0,52.0,1033.6,1028.7,1.0,1.0,15.7,20.7
2013-09-05,12.2,28.8,0.0,5.8,10.1,28.0,13.0,11.0,62.0,29.0,1027.3,1023.0,1.0,5.0,17.7,28.5
2013-09-06,16.0,23.3,0.0,5.0,8.5,24.0,13.0,15.0,74.0,70.0,1026.9,1023.1,7.0,7.0,20.5,21.2
2013-09-07,15.4,31.1,0.0,3.2,9.1,39.0,13.0,15.0,74.0,23.0,1022.4,1018.1,5.0,4.0,19.2,29.9
2013-09-08,17.0,21.2,0.0,4.6,1.7,41.0,13.0,13.0,78.0,73.0,1026.2,1023.0,7.0,7.0,17.5,18.7
2013-09-09,15.3,26.1,0.0,2.2,5.1,33.0,9.0,11.0,70.0,69.0,1021.0,1014.0,2.0,7.0,21.1,22.5
2013-09-10,20.1,31.6,0.0,7.4,9.7,74.0,33.0,31.0,24.0,14.0,1005.5,1000.4,2.0,4.0,25.9,30.6
2013-09-11,14.7,25.0,0.0,11.6,6.8,43.0,28.0,15.0,38.0,22.0,1011.7,1008.7,5.0,3.0,16.9,24.5
2013-09-12,12.1,23.6,0.0,6.4,10.2,74.0,15.0,6.0,41.0,27.0,1015.2,1010.1,1.0,4.0,17.5,22.4
2013-09-13,10.0,18.5,0.0,5.6,6.1,41.0,20.0,24.0,67.0,56.0,1021.9,1018.1,7.0,7.0,14.9,16.9
2013-09-14,14.1,22.9,2.2,3.4,8.4,54.0,17.0,24.0,75.0,59.0,1011.2,1009.1,5.0,3.0,17.0,20.2
2013-09-15,12.8,18.8,0.0,4.0,6.2,33.0,6.0,17.0,74.0,66.0,1018.4,1016.3,7.0,5.0,16.4,17.9
2013-09-16,14.6,17.7,1.2,2.2,0.0,80.0,6.0,35.0,75.0,91.0,1016.0,1010.0,8.0,8.0,16.5,16.5
2013-09-17,15.2,23.9,32.2,,5.7,57.0,22.0,28.0,73.0,42.0,1000.8,998.3,6.0,5.0,17.7,23.2
2013-09-18,15.2,25.3,0.0,6.8,10.7,48.0,20.0,28.0,53.0,28.0,1002.0,1000.0,6.0,1.0,20.7,24.7
2013-09-19,14.2,23.4,0.2,7.6,11.2,63.0,9.0,46.0,31.0,21.0,1005.7,1002.9,0.0,1.0,19.9,22.9
2013-09-20,11.4,21.6,0.0,6.2,10.3,69.0,13.0,24.0,34.0,30.0,1007.9,1006.2,2.0,6.0,18.6,18.9
2013-09-21,11.3,22.0,0.0,7.0,11.0,37.0,22.0,19.0,49.0,42.0,1014.8,1012.2,1.0,2.0,16.8,20.1
2013-09-22,11.0,25.2,0.0,4.6,10.5,28.0,11.0,20.0,57.0,51.0,1014.9,1011.6,1.0,2.0,16.9,21.6
2013-09-23,12.9,24.4,0.0,5.4,10.9,24.0,7.0,13.0,55.0,54.0,1012.0,1007.3,1.0,1.0,19.1,22.8
2013-09-24,17.5,28.4,0.0,7.4,5.3,39.0,2.0,9.0,32.0,32.0,1004.1,1000.4,7.0,5.0,22.4,26.9
2013-09-25,15.6,28.8,0.0,6.4,10.7,43.0,9.0,20.0,40.0,32.0,1009.8,1006.0,0.0,1.0,23.4,27.3
2013-09-26,16.2,31.8,0.0,8.4,11.4,,17.0,35.0,30.0,20.0,1002.9,1005.8,0.0,0.0,26.9,26.3
2013-09-27,12.7,22.6,0.0,12.2,11.4,46.0,19.0,19.0,29.0,39.0,1019.9,1016.6,0.0,0.0,18.1,19.9
2013-09-28,11.7,29.3,0.0,8.0,11.5,76.0,13.0,39.0,47.0,13.0,1011.1,1005.2,1.0,1.0,18.9,27.9
2013-09-29,14.4,22.8,0.0,9.8,10.8,,13.0,22.0,34.0,35.0,1017.4,1014.8,1.0,1.0,19.4,20.8
2013-09-30,12.4,27.4,0.0,6.4,10.6,35.0,6.0,17.0,46.0,35.0,1016.6,1010.7,6.0,3.0,20.3,26.2
2013-10-01,20.2,32.2,0.0,8.6,3.0,85.0,35.0,41.0,33.0,32.0,1003.8,1005.0,7.0,7.0,24.7,26.4
2013-10-02,13.0,26.6,0.0,9.8,11.2,48.0,17.0,15.0,31.0,26.0,1015.6,1007.6,1.0,7.0,20.8,26.0
2013-10-03,15.2,18.9,0.0,10.0,3.7,65.0,30.0,24.0,41.0,41.0,1010.9,1014.3,2.0,4.0,17.7,17.2
2013-10-04,9.7,20.4,5.0,3.8,10.6,39.0,15.0,15.0,45.0,37.0,1022.4,1019.1,2.0,1.0,16.1,19.3
2013-10-05,11.3,25.0,0.0,5.2,9.2,28.0,15.0,13.0,56.0,41.0,1016.5,1010.4,4.0,6.0,17.8,23.4
2013-10-06,14.1,29.8,0.0,5.6,11.2,33.0,9.0,17.0,41.0,24.0,1010.5,1005.0,2.0,3.0,20.1,28.9
2013-10-07,15.8,21.9,0.0,9.8,10.4,52.0,26.0,33.0,60.0,44.0,1011.2,1010.8,2.0,2.0,18.3,20.3
2013-10-08,14.3,21.9,0.0,5.8,11.2,44.0,9.0,22.0,58.0,49.0,1014.0,1015.8,1.0,5.0,17.7,19.8
2013-10-09,12.3,27.3,0.0,5.0,11.9,30.0,13.0,15.0,59.0,36.0,1019.0,1013.1,0.0,0.0,17.6,25.7
2013-10-10,17.6,37.3,0.0,10.0,10.0,74.0,15.0,22.0,22.0,10.0,1009.7,1003.1,7.0,1.0,27.3,37.1
2013-10-11,17.9,22.1,0.0,13.2,10.0,61.0,24.0,19.0,64.0,49.0,1013.1,1012.7,5.0,1.0,18.4,20.5
2013-10-12,14.3,24.7,0.0,5.8,11.2,31.0,13.0,24.0,63.0,62.0,1016.0,1009.5,0.0,0.0,18.5,23.3
2013-10-13,17.5,35.0,0.0,6.6,10.8,80.0,11.0,46.0,45.0,10.0,1002.2,996.3,2.0,1.0,24.7,34.2
2013-10-14,13.1,20.7,5.0,15.2,6.7,44.0,28.0,24.0,44.0,34.0,1014.5,1014.4,5.0,2.0,14.8,19.3
2013-10-15,10.7,24.3,0.0,5.8,12.1,33.0,15.0,20.0,40.0,32.0,1022.6,1018.7,1.0,0.0,15.4,21.5
2013-10-16,12.7,28.3,0.0,6.4,11.7,48.0,9.0,35.0,33.0,32.0,1018.9,1012.4,1.0,1.0,21.1,25.1
2013-10-17,19.6,33.6,0.0,11.2,5.2,80.0,31.0,43.0,23.0,10.0,1005.9,1003.3,7.0,7.0,27.5,31.5
2013-10-18,13.7,22.1,0.0,13.4,11.2,41.0,15.0,22.0,30.0,43.0,1025.8,1025.1,2.0,2.0,17.9,19.7
2013-10-19,12.6,22.4,0.0,6.8,12.1,37.0,13.0,28.0,57.0,43.0,1028.1,1024.4,0.0,0.0,17.6,21.3
2013-10-20,15.5,24.4,0.0,7.2,10.9,48.0,4.0,19.0,65.0,59.0,1021.5,1016.5,0.0,5.0,20.7,23.4
2013-10-21,16.6,28.9,0.0,6.2,10.3,37.0,11.0,15.0,56.0,48.0,1016.3,1011.9,0.0,6.0,21.4,26.7
2013-10-22,19.5,27.0,0.0,9.4,0.6,50.0,20.0,7.0,72.0,65.0,1016.2,1011.7,7.0,8.0,21.4,24.2
2013-10-23,20.1,33.6,3.6,2.8,11.9,63.0,28.0,31.0,47.0,16.0,1004.8,1002.3,3.0,1.0,27.0,32.9
2013-10-24,16.4,25.9,0.0,12.4,12.5,70.0,20.0,31.0,41.0,18.0,1011.7,1012.9,1.0,1.0,20.2,23.7
2013-10-25,12.2,23.4,0.0,10.8,10.4,35.0,20.0,26.0,28.0,31.0,1023.2,1019.2,1.0,0.0,16.0,20.7
2013-10-26,14.0,23.9,0.0,8.8,11.6,44.0,28.0,26.0,34.0,42.0,1020.9,1019.1,7.0,1.0,17.2,21.6
2013-10-27,14.6,22.3,0.0,6.0,9.1,37.0,17.0,20.0,51.0,55.0,1022.5,1020.4,3.0,7.0,20.5,20.5
2013-10-28,15.6,22.3,28.2,3.2,5.7,61.0,15.0,19.0,81.0,61.0,1019.5,1014.3,7.0,2.0,19.5,22.2
2013-10-29,16.4,26.3,0.0,4.8,5.0,93.0,15.0,0.0,78.0,68.0,1006.6,1008.7,7.0,7.0,19.5,18.9
2013-10-30,13.2,22.2,0.4,7.4,12.0,,0.0,0.0,57.0,49.0,1019.6,1018.0,6.0,2.0,16.7,21.7
2013-10-31,15.4,22.2,0.0,5.4,9.8,,0.0,0.0,62.0,56.0,1022.0,1019.3,5.0,1.0,18.2,21.1
2013-11-01,17.3,21.7,0.0,8.0,7.7,,0.0,0.0,63.0,61.0,1023.8,1020.2,7.0,7.0,19.0,21.0
2013-11-02,15.9,26.1,0.0,5.6,7.1,,0.0,0.0,71.0,63.0,1018.2,1012.5,7.0,7.0,19.3,23.5
2013-11-03,18.7,34.2,0.0,7.6,7.4,,0.0,0.0,49.0,11.0,1010.3,1006.1,7.0,6.0,23.8,32.8
2013-11-04,14.8,20.5,0.0,11.2,11.7,,0.0,0.0,34.0,38.0,1022.5,1024.0,1.0,1.0,17.0,19.0
2013-11-05,15.0,21.4,0.0,9.8,4.3,33.0,0.0,20.0,58.0,47.0,1028.0,1026.5,7.0,5.0,16.6,19.1
2013-11-06,11.8,21.4,0.0,4.6,12.2,43.0,11.0,30.0,58.0,51.0,1024.3,1019.2,1.0,1.0,17.4,20.7
2013-11-07,15.0,26.2,0.0,8.0,11.9,48.0,11.0,22.0,59.0,51.0,1017.1,1012.2,0.0,1.0,20.6,24.7
2013-11-08,17.9,28.1,0.0,9.4,8.3,63.0,4.0,28.0,43.0,44.0,1011.0,1006.4,3.0,6.0,24.5,27.6
2013-11-09,22.3,33.3,0.0,10.4,9.5,48.0,9.0,20.0,46.0,37.0,1006.4,1006.6,4.0,3.0,24.8,28.4
2013-11-10,15.7,18.9,11.6,9.6,0.7,50.0,15.0,22.0,87.0,62.0,1017.5,1017.2,8.0,7.0,15.8,18.7
2013-11-11,15.1,18.4,39.6,9.4,0.0,54.0,31.0,28.0,91.0,91.0,1018.1,1016.4,8.0,7.0,16.0,17.3
2013-11-12,15.6,22.8,20.2,1.8,4.9,28.0,4.0,6.0,92.0,66.0,1013.2,1011.8,8.0,7.0,17.4,21.9
2013-11-13,15.1,27.6,7.4,3.2,13.0,37.0,20.0,24.0,59.0,59.0,1014.4,1011.2,1.0,3.0,20.7,23.2
2013-11-14,16.9,27.0,0.0,9.6,13.2,33.0,15.0,20.0,32.0,45.0,1014.1,1011.3,0.0,1.0,22.5,23.7
2013-11-15,15.9,23.3,0.0,7.8,8.0,69.0,2.0,26.0,68.0,62.0,1015.8,1014.6,3.0,6.0,20.7,22.6
2013-11-16,15.7,21.7,23.0,,5.6,50.0,19.0,33.0,74.0,75.0,1016.0,1014.5,7.0,7.0,18.0,18.8
2013-11-17,14.8,18.0,40.8,5.6,0.0,50.0,22.0,17.0,83.0,83.0,1015.5,1014.5,7.0,8.0,16.4,16.8
2013-11-18,15.2,20.0,11.2,4.0,0.0,59.0,30.0,24.0,80.0,91.0,1013.3,1010.5,8.0,8.0,17.9,18.4
2013-11-19,16.4,25.4,17.6,2.0,10.3,39.0,17.0,17.0,79.0,55.0,1011.4,1010.3,6.0,2.0,20.0,24.5
2013-11-20,16.6,24.9,0.2,6.8,12.0,33.0,11.0,22.0,71.0,66.0,1012.4,1010.7,4.0,1.0,20.8,24.2
2013-11-21,20.1,24.6,0.0,6.2,9.8,52.0,15.0,24.0,64.0,64.0,1012.8,1010.4,6.0,5.0,23.6,23.5
2013-11-22,19.9,24.3,3.0,9.8,2.9,69.0,28.0,39.0,79.0,67.0,1009.1,1006.6,7.0,7.0,21.1,22.6
2013-11-23,18.1,25.0,7.4,4.0,9.3,31.0,9.0,7.0,78.0,60.0,1005.8,1003.2,3.0,5.0,21.7,22.6
2013-11-24,16.8,23.8,3.6,5.0,13.0,41.0,7.0,20.0,58.0,51.0,1006.3,1005.2,1.0,2.0,20.8,22.7
2013-11-25,16.4,23.3,0.0,8.2,10.3,61.0,6.0,35.0,57.0,69.0,1008.1,1009.1,3.0,7.0,20.8,20.0
2013-11-26,14.7,22.9,4.2,7.4,7.7,41.0,13.0,22.0,61.0,46.0,1016.7,1016.4,7.0,1.0,17.0,22.2
2013-11-27,13.7,23.9,0.0,5.6,12.6,30.0,13.0,20.0,52.0,48.0,1018.3,1014.8,1.0,1.0,19.5,22.5
2013-11-28,16.6,26.5,0.0,8.0,11.2,46.0,9.0,19.0,56.0,60.0,1011.7,1005.0,6.0,7.0,23.3,25.6
2013-11-29,19.5,20.9,0.2,10.6,0.0,59.0,13.0,19.0,72.0,83.0,1005.8,1008.8,8.0,7.0,20.9,17.1
2013-11-30,14.9,22.9,2.8,3.4,7.3,44.0,22.0,20.0,59.0,49.0,1018.8,1019.5,7.0,2.0,18.5,21.9
2013-12-01,14.0,22.7,0.0,7.0,7.5,35.0,6.0,17.0,64.0,49.0,1025.1,1024.3,5.0,4.0,19.0,21.8
2013-12-02,15.2,24.1,0.0,5.0,12.1,37.0,11.0,22.0,52.0,44.0,1022.5,1019.6,4.0,5.0,21.3,23.3
2013-12-03,15.2,24.6,0.0,8.0,13.3,48.0,11.0,30.0,51.0,52.0,1017.6,1013.5,2.0,1.0,22.8,23.4
2013-12-04,17.8,27.8,0.0,8.8,7.9,54.0,13.0,15.0,61.0,63.0,1006.3,1000.5,5.0,7.0,23.5,24.9
2013-12-05,19.0,26.3,4.0,8.0,8.4,78.0,4.0,48.0,80.0,32.0,996.7,996.9,7.0,6.0,21.5,22.3
2013-12-06,12.7,22.9,0.0,10.0,13.6,59.0,26.0,24.0,37.0,39.0,1011.7,1013.3,1.0,1.0,17.1,22.0
2013-12-07,13.6,25.0,0.0,7.6,12.6,30.0,13.0,22.0,47.0,45.0,1020.4,1018.3,3.0,6.0,20.0,23.9
2013-12-08,16.2,25.6,0.0,7.2,11.4,46.0,9.0,26.0,58.0,45.0,1019.0,1013.5,3.0,2.0,22.6,25.3
2013-12-09,19.3,29.8,0.0,10.0,4.1,56.0,6.0,6.0,52.0,46.0,1009.1,1004.0,7.0,7.0,25.4,29.2
2013-12-10,23.0,33.0,0.0,8.0,12.0,54.0,24.0,13.0,34.0,33.0,1002.5,1002.6,1.0,1.0,28.6,30.4
2013-12-11,18.1,28.0,0.0,11.2,13.2,31.0,13.0,24.0,31.0,40.0,1009.7,1005.0,1.0,3.0,23.7,24.9
2013-12-12,19.9,24.8,0.0,10.4,9.7,46.0,15.0,28.0,69.0,59.0,1011.9,1009.8,6.0,2.0,20.6,24.0
2013-12-13,18.9,26.3,0.0,6.8,13.0,46.0,9.0,30.0,63.0,63.0,1012.5,1009.8,1.0,1.0,24.3,25.1
2013-12-14,20.6,26.7,0.0,8.8,9.8,50.0,30.0,31.0,65.0,56.0,1014.8,1015.0,3.0,5.0,23.7,23.6
2013-12-15,19.1,24.6,1.2,7.8,2.0,30.0,2.0,19.0,81.0,59.0,1018.6,1016.9,7.0,5.0,20.1,23.8
2013-12-16,18.7,24.8,2.2,7.0,6.4,35.0,9.0,24.0,83.0,60.0,1020.6,1019.2,7.0,3.0,20.1,23.9
2013-12-17,18.7,26.0,0.2,3.6,11.9,44.0,9.0,30.0,60.0,52.0,1021.8,1019.5,6.0,1.0,22.5,24.7
2013-12-18,20.6,26.0,0.0,10.0,12.9,33.0,15.0,26.0,57.0,54.0,1024.2,1022.9,3.0,1.0,24.5,24.5
2013-12-19,18.9,26.4,0.0,9.0,12.9,56.0,17.0,28.0,60.0,59.0,1022.5,1018.8,2.0,1.0,23.1,25.1
2013-12-20,20.3,33.5,0.0,10.0,10.1,43.0,6.0,9.0,59.0,40.0,1016.3,1011.6,2.0,3.0,26.2,31.4
2013-12-21,21.5,27.8,0.0,11.6,9.9,57.0,28.0,37.0,59.0,57.0,1016.8,1015.4,6.0,1.0,25.1,26.5
2013-12-22,21.7,28.7,0.0,8.0,6.9,52.0,9.0,9.0,67.0,66.0,1012.6,1008.3,7.0,7.0,25.5,26.8
2013-12-23,22.4,36.0,0.0,7.6,4.0,57.0,11.0,9.0,61.0,34.0,1007.2,1004.3,7.0,7.0,27.5,31.5
2013-12-24,19.2,22.9,0.0,6.6,0.0,41.0,24.0,17.0,58.0,56.0,1018.3,1018.5,7.0,7.0,21.8,22.1
2013-12-25,18.7,21.5,0.6,3.6,0.0,35.0,6.0,13.0,85.0,88.0,1019.3,1016.4,8.0,8.0,18.9,20.1
2013-12-26,18.7,26.6,21.0,1.2,9.5,43.0,13.0,24.0,82.0,51.0,1012.3,1010.5,7.0,1.0,21.5,25.2
2013-12-27,17.9,24.8,1.8,6.2,10.5,31.0,9.0,22.0,78.0,64.0,1012.5,1010.7,5.0,5.0,21.0,24.3
2013-12-28,19.4,25.5,0.0,5.6,12.4,54.0,19.0,28.0,62.0,63.0,1012.3,1007.6,4.0,1.0,23.6,24.9
2013-12-29,20.0,24.6,0.0,10.2,11.7,78.0,39.0,28.0,65.0,47.0,1009.5,1012.9,2.0,1.0,21.4,23.5
2013-12-30,18.8,24.2,0.0,11.4,10.2,43.0,9.0,24.0,47.0,49.0,1015.3,1011.7,5.0,1.0,22.1,23.4
2013-12-31,17.5,26.2,0.0,6.4,10.6,37.0,9.0,24.0,60.0,55.0,1013.2,1011.0,2.0,1.0,22.5,25.9
2014-01-01,20.5,27.1,0.0,7.4,5.9,,13.0,24.0,58.0,62.0,1014.6,1011.3,5.0,8.0,24.4,24.9
2014-01-02,22.3,36.5,0.0,8.0,3.5,52.0,6.0,33.0,50.0,22.0,1003.6,1002.0,7.0,7.0,27.1,34.5
2014-01-03,21.0,26.2,0.2,5.6,5.6,37.0,13.0,26.0,62.0,52.0,1005.3,1000.0,7.0,6.0,22.2,24.8
2014-01-04,20.1,27.5,0.0,7.4,11.2,57.0,17.0,22.0,60.0,54.0,1003.4,1002.3,1.0,1.0,22.9,24.6
2014-01-05,20.8,26.0,0.0,8.2,12.2,59.0,9.0,22.0,63.0,70.0,1010.5,1005.7,6.0,2.0,24.2,24.9
2014-01-06,19.6,32.0,0.0,9.4,12.8,43.0,17.0,26.0,30.0,26.0,1008.9,1007.3,1.0,1.0,25.3,28.9
2014-01-07,18.3,21.6,0.0,11.4,1.7,44.0,26.0,13.0,55.0,63.0,1018.3,1019.4,5.0,7.0,20.9,19.5
2014-01-08,16.2,22.3,5.8,7.6,0.4,35.0,11.0,15.0,68.0,60.0,1023.7,1022.4,7.0,7.0,18.3,20.5
2014-01-09,18.1,23.2,0.0,3.8,2.0,33.0,17.0,20.0,49.0,53.0,1024.3,1023.1,7.0,7.0,21.1,22.4
2014-01-10,19.0,25.7,0.4,6.6,9.3,41.0,4.0,26.0,66.0,59.0,1022.2,1019.6,6.0,3.0,22.3,23.8
2014-01-11,19.1,29.1,0.0,7.2,10.9,35.0,6.0,17.0,65.0,49.0,1018.9,1014.6,1.0,2.0,23.5,27.4
2014-01-12,21.1,28.8,0.0,10.4,10.3,39.0,9.0,19.0,71.0,61.0,1017.7,1017.0,2.0,3.0,24.8,26.1
2014-01-13,19.7,26.8,0.0,7.6,11.5,33.0,7.0,17.0,66.0,53.0,1021.9,1020.2,6.0,2.0,21.9,24.7
2014-01-14,18.3,27.5,0.0,7.2,12.0,44.0,7.0,30.0,59.0,53.0,1022.3,1019.7,4.0,0.0,22.8,26.2
2014-01-15,21.2,28.8,0.0,10.0,12.8,56.0,2.0,22.0,62.0,53.0,1021.7,1018.2,0.0,1.0,25.6,28.2
2014-01-16,21.1,28.1,0.0,10.8,13.1,41.0,9.0,28.0,64.0,58.0,1019.2,1016.6,0.0,0.0,25.3,27.3
2014-01-17,21.3,27.7,0.0,10.4,12.8,52.0,6.0,26.0,67.0,57.0,1016.7,1014.0,2.0,0.0,24.2,27.2
2014-01-18,19.3,28.7,0.0,10.6,13.1,52.0,7.0,22.0,65.0,51.0,1012.6,1009.4,0.0,0.0,25.1,28.3
2014-01-19,21.2,29.4,0.0,10.8,6.1,37.0,6.0,20.0,65.0,60.0,1010.0,1008.9,7.0,6.0,24.9,26.4
2014-01-20,21.7,25.9,0.0,4.2,2.8,37.0,11.0,24.0,71.0,65.0,1009.2,1008.0,6.0,7.0,24.1,25.1
2014-01-21,19.8,25.0,5.0,5.0,0.6,33.0,20.0,15.0,79.0,68.0,1010.2,1008.0,7.0,7.0,21.6,23.9
2014-01-22,19.8,22.8,3.0,2.8,0.0,43.0,15.0,24.0,74.0,60.0,1017.7,1019.9,7.0,7.0,21.8,22.3
2014-01-23,20.2,24.7,0.2,4.4,4.6,31.0,20.0,20.0,60.0,54.0,1023.2,1021.0,5.0,7.0,22.4,23.5
2014-01-24,19.7,26.3,0.0,7.4,1.5,52.0,20.0,28.0,69.0,61.0,1014.0,1008.0,8.0,8.0,23.9,26.0
2014-01-25,19.3,25.3,2.4,5.6,8.0,56.0,20.0,37.0,63.0,45.0,1012.0,1014.8,4.0,4.0,22.5,23.3
2014-01-26,17.2,22.3,0.2,8.6,2.3,31.0,7.0,19.0,77.0,48.0,1023.8,1024.1,7.0,7.0,18.1,21.1
2014-01-27,16.0,25.5,0.2,3.6,12.7,44.0,13.0,26.0,56.0,52.0,1024.4,1022.3,3.0,3.0,20.6,24.7
2014-01-28,19.6,26.5,0.0,9.4,13.0,57.0,17.0,28.0,45.0,56.0,1021.5,1018.4,1.0,1.0,24.7,25.5
2014-01-29,20.3,29.1,0.0,12.0,13.0,44.0,6.0,20.0,54.0,45.0,1017.0,1014.0,0.0,1.0,24.5,29.0
2014-01-30,21.7,27.9,0.0,9.6,13.0,52.0,13.0,30.0,56.0,44.0,1019.9,1016.8,3.0,0.0,25.2,27.6
2014-01-31,20.3,28.3,0.0,12.6,13.0,44.0,17.0,26.0,51.0,45.0,1014.9,1012.0,1.0,1.0,24.7,27.2
2014-02-01,21.7,28.7,0.0,11.0,10.6,37.0,17.0,17.0,72.0,59.0,1015.2,1012.6,6.0,3.0,23.6,26.6
2014-02-02,22.3,27.4,0.0,7.2,12.7,43.0,22.0,26.0,67.0,55.0,1015.6,1014.3,3.0,1.0,24.6,26.4
2014-02-03,21.3,27.1,0.0,12.0,11.6,56.0,26.0,33.0,55.0,51.0,1015.7,1012.0,1.0,0.0,24.9,25.9
2014-02-04,20.7,25.2,0.0,12.0,1.2,61.0,17.0,31.0,62.0,83.0,1017.1,1019.4,7.0,8.0,25.1,19.5
2014-02-05,17.5,24.5,3.2,5.2,3.1,41.0,26.0,26.0,59.0,46.0,1023.9,1022.3,6.0,7.0,20.6,22.7
2014-02-06,17.1,23.3,1.2,7.2,3.2,26.0,11.0,17.0,67.0,48.0,1020.3,1017.7,8.0,7.0,19.2,23.2
2014-02-07,15.5,25.4,0.2,4.2,12.3,41.0,11.0,30.0,63.0,52.0,1017.7,1015.2,1.0,1.0,19.6,25.0
2014-02-08,19.4,27.3,0.0,9.2,12.1,44.0,2.0,26.0,59.0,53.0,1018.1,1016.3,0.0,0.0,24.3,25.9
2014-02-09,20.6,27.6,0.0,9.6,12.9,48.0,9.0,22.0,63.0,52.0,1018.9,1015.4,2.0,0.0,24.6,27.1
2014-02-10,20.6,27.2,0.0,10.4,0.2,59.0,20.0,17.0,83.0,54.0,1019.5,1017.5,8.0,6.0,20.8,25.5
2014-02-11,20.1,27.7,0.0,7.2,4.0,31.0,4.0,13.0,72.0,60.0,1017.6,1014.6,8.0,2.0,22.4,25.9
2014-02-12,22.1,26.3,0.2,6.0,4.3,33.0,19.0,22.0,78.0,68.0,1016.5,1015.6,7.0,7.0,23.5,25.8
2014-02-13,21.5,27.0,3.4,4.6,7.5,39.0,11.0,28.0,66.0,64.0,1015.1,1011.3,4.0,8.0,25.1,25.6
2014-02-14,20.8,23.5,1.0,8.8,0.0,28.0,6.0,17.0,81.0,79.0,1008.1,1006.4,8.0,8.0,21.6,22.8
2014-02-15,20.9,24.9,1.0,2.2,0.0,26.0,2.0,17.0,88.0,82.0,1003.7,999.5,8.0,8.0,21.5,23.1
2014-02-16,21.4,25.0,6.0,2.4,0.0,54.0,6.0,24.0,78.0,83.0,999.5,1001.6,8.0,8.0,24.7,21.5
2014-02-17,18.4,26.4,21.8,7.0,8.3,31.0,13.0,20.0,90.0,56.0,1013.5,1013.3,7.0,4.0,19.0,23.7
2014-02-18,18.9,24.7,0.0,2.4,2.7,26.0,4.0,13.0,77.0,68.0,1013.0,1009.9,7.0,7.0,20.6,23.9
2014-02-19,20.5,29.1,0.0,2.2,1.8,35.0,11.0,13.0,81.0,82.0,1004.8,1002.1,7.0,8.0,23.8,23.5
2014-02-20,20.4,29.1,13.2,4.2,11.2,33.0,7.0,17.0,52.0,40.0,1007.8,1007.9,5.0,2.0,22.2,25.6
2014-02-21,18.0,27.0,0.0,11.4,11.9,41.0,20.0,28.0,33.0,44.0,1016.0,1015.8,1.0,1.0,21.1,24.4
2014-02-22,19.5,24.7,0.0,5.8,9.2,33.0,9.0,24.0,63.0,56.0,1020.3,1019.2,7.0,4.0,22.0,23.1
2014-02-23,19.6,26.5,0.0,8.0,10.7,37.0,24.0,20.0,50.0,51.0,1023.4,1021.8,1.0,2.0,23.0,24.2
2014-02-24,19.1,26.4,0.2,6.4,11.0,33.0,9.0,19.0,68.0,59.0,1020.7,1018.2,2.0,1.0,21.7,24.9
2014-02-25,19.5,26.7,0.0,7.4,11.8,50.0,6.0,30.0,72.0,54.0,1017.9,1013.6,3.0,1.0,23.2,26.1
2014-02-26,19.7,32.4,0.0,9.8,6.2,43.0,7.0,17.0,59.0,44.0,1011.8,1010.1,6.0,7.0,25.1,30.3
2014-02-27,20.3,22.0,4.4,5.2,0.2,44.0,24.0,26.0,82.0,78.0,1017.3,1019.2,7.0,7.0,21.7,21.2
2014-02-28,19.3,21.6,2.4,3.2,0.0,44.0,20.0,20.0,86.0,68.0,1022.7,1022.5,8.0,7.0,19.7,21.0
2014-03-01,18.2,22.7,10.4,1.6,0.0,26.0,2.0,11.0,90.0,75.0,1020.5,1019.1,7.0,8.0,19.6,22.0
2014-03-02,17.9,22.8,6.6,2.4,1.2,41.0,11.0,17.0,85.0,86.0,1020.3,1020.6,7.0,8.0,19.3,19.8
2014-03-03,18.8,26.3,4.6,3.8,3.8,37.0,11.0,11.0,70.0,75.0,1024.8,1024.5,3.0,7.0,21.7,22.2
2014-03-04,19.0,25.4,1.4,2.6,3.3,22.0,7.0,11.0,83.0,58.0,1026.1,1023.7,7.0,7.0,20.9,24.7
2014-03-05,18.1,27.5,0.2,4.0,7.7,50.0,4.0,15.0,69.0,62.0,1018.6,1014.0,1.0,3.0,21.9,26.6
2014-03-06,21.0,26.8,1.6,7.0,5.8,46.0,20.0,22.0,75.0,58.0,1018.6,1018.3,7.0,7.0,22.3,25.8
2014-03-07,19.3,26.9,0.2,5.2,7.5,31.0,13.0,20.0,69.0,64.0,1020.3,1018.7,4.0,5.0,23.0,25.7
2014-03-08,21.6,27.2,0.0,5.6,8.9,39.0,13.0,22.0,63.0,64.0,1022.6,1021.5,7.0,2.0,23.8,24.7
2014-03-09,19.6,27.1,0.0,6.4,11.1,31.0,6.0,20.0,68.0,53.0,1023.6,1020.9,4.0,3.0,22.8,25.7
2014-03-10,21.9,27.5,0.2,6.8,11.0,37.0,11.0,26.0,60.0,55.0,1023.4,1021.5,3.0,2.0,25.6,26.4
2014-03-11,19.6,27.8,0.0,8.6,10.8,35.0,9.0,20.0,67.0,46.0,1023.6,1021.3,1.0,1.0,22.8,26.3
2014-03-12,19.2,29.2,0.0,8.2,6.2,37.0,7.0,11.0,69.0,52.0,1018.1,1015.4,6.0,7.0,22.1,27.6
2014-03-13,18.5,27.0,27.8,7.0,6.2,44.0,15.0,15.0,81.0,56.0,1020.4,1018.2,6.0,3.0,19.6,26.0
2014-03-14,19.3,26.3,0.2,4.0,7.9,43.0,7.0,30.0,70.0,55.0,1018.4,1014.7,6.0,1.0,22.7,25.2
2014-03-15,19.5,26.6,0.0,7.8,5.8,91.0,7.0,17.0,64.0,62.0,1013.0,1008.4,4.0,7.0,22.5,25.8
2014-03-16,19.2,29.3,5.4,5.8,5.8,57.0,9.0,13.0,57.0,74.0,1005.5,1004.7,2.0,7.0,24.2,22.5
2014-03-17,15.1,28.0,5.0,6.2,11.2,35.0,15.0,26.0,47.0,25.0,1016.9,1015.0,1.0,1.0,19.4,27.5
2014-03-18,16.1,29.7,0.2,7.2,10.4,31.0,19.0,19.0,58.0,33.0,1021.0,1018.7,1.0,5.0,19.9,28.7
2014-03-19,19.6,27.9,0.0,6.6,10.1,48.0,13.0,26.0,66.0,57.0,1023.9,1023.6,1.0,6.0,23.9,27.8
2014-03-20,21.7,27.0,0.0,6.2,9.2,33.0,0.0,22.0,58.0,54.0,1026.9,1024.2,3.0,3.0,25.5,26.4
2014-03-21,20.4,26.8,1.0,6.0,5.2,39.0,6.0,19.0,75.0,58.0,1022.5,1018.9,7.0,4.0,21.7,25.2
2014-03-22,18.7,26.7,0.0,6.0,9.5,37.0,6.0,20.0,68.0,60.0,1017.8,1014.5,3.0,2.0,23.6,25.7
2014-03-23,20.3,27.0,0.0,5.2,7.2,41.0,6.0,19.0,70.0,63.0,1017.6,1013.2,3.0,7.0,23.0,25.7
2014-03-24,20.1,23.2,0.4,6.2,0.0,54.0,24.0,31.0,79.0,89.0,1016.4,1015.3,8.0,8.0,20.3,17.5
2014-03-25,17.1,25.2,6.8,4.2,6.5,35.0,11.0,9.0,82.0,67.0,1020.0,1019.6,1.0,7.0,19.8,24.7
2014-03-26,19.7,24.9,0.6,2.8,0.0,37.0,11.0,9.0,89.0,72.0,1022.5,1021.2,7.0,7.0,21.2,24.4
2014-03-27,20.6,22.2,18.0,2.8,0.0,35.0,2.0,7.0,89.0,77.0,1022.3,1020.0,8.0,8.0,21.2,20.3
2014-03-28,18.0,24.7,7.4,1.0,0.0,26.0,13.0,11.0,84.0,66.0,1017.0,1013.3,7.0,8.0,18.7,24.3
2014-03-29,18.7,25.7,0.8,3.6,5.6,41.0,15.0,24.0,80.0,59.0,1015.3,1015.0,6.0,7.0,20.6,24.4
2014-03-30,19.4,27.0,0.2,3.6,10.1,35.0,11.0,22.0,69.0,55.0,1020.1,1019.2,3.0,3.0,22.4,27.0
2014-03-31,17.5,25.0,3.6,5.0,10.2,26.0,15.0,15.0,79.0,64.0,1022.4,1019.7,3.0,6.0,19.6,23.5
2014-04-01,17.5,26.4,0.0,3.2,6.2,31.0,13.0,17.0,78.0,66.0,1019.7,1017.5,7.0,7.0,20.5,24.6
2014-04-02,18.1,26.0,0.0,4.8,10.9,26.0,11.0,20.0,91.0,67.0,1017.9,1014.6,2.0,1.0,18.9,24.7
2014-04-03,18.9,26.3,0.0,3.0,8.8,31.0,13.0,24.0,82.0,70.0,1017.5,1015.0,1.0,7.0,21.3,25.1
2014-04-04,19.9,22.3,0.0,6.0,0.0,43.0,11.0,19.0,82.0,74.0,1018.5,1016.5,8.0,8.0,20.4,21.5
2014-04-05,18.0,26.0,5.6,9.2,6.4,50.0,13.0,24.0,80.0,63.0,1018.8,1016.9,7.0,3.0,20.6,23.8
2014-04-06,17.2,21.7,3.4,4.6,1.1,48.0,9.0,7.0,86.0,86.0,1020.9,1020.8,7.0,8.0,19.2,19.5
2014-04-07,15.3,22.4,16.0,4.2,3.3,39.0,13.0,9.0,83.0,63.0,1025.5,1023.6,6.0,6.0,16.9,21.1
2014-04-08,17.2,23.2,5.0,5.2,1.2,22.0,13.0,13.0,77.0,53.0,1023.9,1020.1,7.0,6.0,19.6,22.9
2014-04-09,15.9,24.1,0.0,0.4,4.6,22.0,13.0,17.0,68.0,58.0,1021.4,1017.9,7.0,7.0,20.4,23.2
2014-04-10,17.8,24.7,0.0,2.6,0.0,17.0,11.0,7.0,74.0,82.0,1016.9,1012.7,7.0,8.0,20.2,20.0
2014-04-11,18.9,28.0,5.6,1.6,3.7,37.0,22.0,9.0,64.0,55.0,1005.5,1002.9,5.0,7.0,24.1,25.7
2014-04-12,17.9,21.0,5.0,3.8,0.7,54.0,26.0,22.0,76.0,74.0,1011.1,1011.9,7.0,6.0,19.1,20.0
2014-04-13,16.0,20.6,3.8,1.4,1.0,52.0,20.0,15.0,86.0,88.0,1016.8,1016.1,7.0,7.0,17.8,18.5
2014-04-14,13.5,21.0,2.8,3.6,3.3,41.0,20.0,15.0,64.0,69.0,1020.4,1018.8,6.0,5.0,17.2,19.4
2014-04-15,13.4,21.9,4.2,3.4,3.5,50.0,22.0,28.0,58.0,64.0,1020.7,1018.4,7.0,8.0,17.3,20.8
2014-04-16,14.3,23.3,29.6,3.2,9.0,43.0,20.0,22.0,69.0,57.0,1019.8,1017.3,5.0,3.0,17.7,21.9
2014-04-17,13.1,23.7,0.0,5.2,9.0,41.0,19.0,22.0,65.0,39.0,1019.6,1017.4,5.0,1.0,17.2,23.1
2014-04-18,13.5,26.5,0.0,2.2,10.8,35.0,15.0,13.0,68.0,31.0,1016.3,1011.7,2.0,3.0,16.7,26.1
2014-04-19,15.0,22.7,0.0,3.8,10.7,41.0,17.0,22.0,60.0,42.0,1016.4,1014.8,1.0,1.0,19.2,20.8
2014-04-20,13.2,22.9,0.0,5.2,10.4,28.0,17.0,17.0,61.0,56.0,1018.4,1014.7,3.0,1.0,16.3,21.9
2014-04-21,13.2,25.3,0.0,4.0,9.7,35.0,20.0,15.0,48.0,31.0,1021.1,1018.5,1.0,3.0,15.9,24.4
2014-04-22,12.4,25.8,0.0,4.0,7.9,20.0,17.0,11.0,67.0,32.0,1018.7,1014.9,7.0,7.0,15.8,24.4
2014-04-23,13.4,26.1,0.0,4.2,9.0,24.0,20.0,13.0,59.0,36.0,1017.6,1014.9,7.0,3.0,17.6,24.0
2014-04-24,14.1,29.9,0.0,3.8,9.1,41.0,15.0,6.0,53.0,28.0,1013.7,1011.3,6.0,7.0,19.3,28.9
2014-04-25,17.6,20.9,6.8,4.6,3.2,39.0,7.0,15.0,84.0,67.0,1023.2,1019.2,8.0,1.0,17.7,20.7
2014-04-26,15.5,23.1,9.2,2.0,1.2,30.0,7.0,6.0,72.0,63.0,1015.0,1011.5,7.0,7.0,18.2,22.6
2014-04-27,16.9,17.9,0.4,2.2,0.0,35.0,19.0,15.0,83.0,87.0,1023.5,1023.1,5.0,7.0,17.9,17.0
2014-04-28,15.0,20.6,20.2,1.0,2.8,20.0,11.0,11.0,75.0,67.0,1025.9,1022.1,6.0,6.0,17.4,20.4
2014-04-29,14.9,25.7,0.0,3.0,8.5,31.0,13.0,15.0,71.0,61.0,1017.7,1013.3,1.0,7.0,18.4,23.6
2014-04-30,18.2,25.3,3.4,5.0,7.1,44.0,15.0,20.0,83.0,28.0,1012.5,1011.4,7.0,2.0,18.6,24.3
2014-05-01,11.3,23.0,0.0,5.2,10.2,31.0,19.0,15.0,59.0,44.0,1017.7,1013.8,1.0,1.0,14.7,19.6
2014-05-02,13.3,22.2,0.0,2.8,7.3,46.0,17.0,19.0,71.0,35.0,1006.9,1001.9,2.0,6.0,16.1,21.5
2014-05-03,11.7,15.7,1.2,5.6,1.1,57.0,13.0,35.0,81.0,46.0,996.5,994.8,7.0,7.0,12.7,14.8
2014-05-04,10.8,20.5,3.8,3.8,8.5,54.0,20.0,31.0,61.0,31.0,1001.9,1003.7,5.0,1.0,15.0,19.3
2014-05-05,10.3,20.9,0.0,5.4,10.4,39.0,22.0,7.0,54.0,32.0,1017.9,1016.8,1.0,3.0,12.8,20.2
2014-05-06,10.7,23.4,0.0,3.4,8.2,39.0,26.0,6.0,58.0,35.0,1021.2,1018.5,5.0,3.0,14.6,21.6
2014-05-07,11.2,20.7,0.0,3.2,9.7,43.0,20.0,20.0,59.0,41.0,1023.8,1022.9,3.0,2.0,13.9,19.3
2014-05-08,11.1,21.0,0.0,5.8,6.2,46.0,19.0,19.0,66.0,65.0,1026.2,1024.3,2.0,6.0,14.2,18.2
2014-05-09,11.8,21.9,7.4,3.0,3.0,26.0,9.0,13.0,84.0,62.0,1026.3,1023.6,4.0,7.0,13.9,18.8
2014-05-10,12.0,24.8,0.4,2.2,5.2,35.0,13.0,13.0,80.0,51.0,1023.9,1020.0,3.0,7.0,14.5,21.4
2014-05-11,14.4,22.9,0.8,2.0,8.3,41.0,15.0,20.0,76.0,59.0,1022.2,1022.1,1.0,3.0,16.7,19.9
2014-05-12,12.6,23.0,0.0,4.0,8.8,37.0,17.0,20.0,73.0,51.0,1030.1,1028.5,3.0,2.0,16.7,22.7
2014-05-13,13.7,23.0,11.2,4.8,8.8,26.0,20.0,9.0,74.0,52.0,1030.5,1027.2,1.0,3.0,15.6,21.0
2014-05-14,12.6,23.2,0.2,1.8,9.5,28.0,13.0,17.0,78.0,54.0,1029.3,1025.8,1.0,2.0,14.8,21.4
2014-05-15,11.7,22.9,0.0,4.0,10.0,24.0,15.0,13.0,82.0,51.0,1028.7,1025.3,1.0,1.0,13.7,21.5
2014-05-16,12.0,25.3,0.0,3.2,9.9,28.0,19.0,13.0,75.0,40.0,1029.4,1027.0,0.0,1.0,14.6,23.3
2014-05-17,12.0,24.2,0.0,4.0,9.1,26.0,11.0,13.0,72.0,55.0,1030.4,1026.7,6.0,3.0,14.3,22.4
2014-05-18,13.0,24.8,0.0,3.4,2.8,20.0,15.0,7.0,69.0,41.0,1028.3,1025.2,7.0,7.0,14.8,24.4
2014-05-19,13.1,26.1,0.0,2.4,7.5,24.0,19.0,7.0,72.0,33.0,1026.0,1022.4,7.0,1.0,15.8,25.8
2014-05-20,14.4,25.5,0.0,3.2,4.7,24.0,17.0,7.0,69.0,41.0,1022.9,1019.6,7.0,7.0,16.2,25.2
2014-05-21,14.8,23.5,0.0,3.6,9.8,26.0,13.0,13.0,66.0,58.0,1024.4,1022.6,2.0,2.0,17.5,22.6
2014-05-22,13.1,27.1,0.0,2.2,9.4,24.0,13.0,6.0,82.0,30.0,1023.5,1018.7,1.0,1.0,14.9,26.8
2014-05-23,13.9,25.1,0.0,4.0,8.0,22.0,11.0,13.0,64.0,41.0,1017.9,1013.0,3.0,5.0,16.5,23.8
2014-05-24,15.7,25.2,0.0,4.8,7.4,35.0,13.0,15.0,62.0,45.0,1015.4,1014.0,2.0,6.0,17.7,22.6
2014-05-25,15.5,26.9,0.0,3.4,7.1,26.0,19.0,17.0,75.0,43.0,1018.3,1017.1,5.0,2.0,17.2,24.9
2014-05-26,14.1,23.6,0.0,3.4,9.4,30.0,13.0,17.0,81.0,59.0,1023.4,1020.9,6.0,6.0,16.3,23.3
2014-05-27,16.0,24.0,0.0,2.6,3.0,48.0,11.0,26.0,68.0,46.0,1018.0,1010.8,7.0,7.0,19.4,23.8
2014-05-28,17.1,24.1,0.0,5.6,9.6,48.0,22.0,26.0,54.0,31.0,1013.8,1013.5,1.0,1.0,19.3,23.2
2014-05-29,12.8,21.3,0.0,5.4,7.7,35.0,20.0,22.0,59.0,61.0,1023.1,1022.1,2.0,5.0,15.3,19.7
2014-05-30,14.5,21.4,0.0,4.4,5.2,33.0,19.0,17.0,71.0,58.0,1026.8,1024.5,6.0,3.0,15.9,20.7
2014-05-31,14.3,20.7,2.4,1.0,7.5,31.0,15.0,17.0,86.0,61.0,1026.9,1022.8,5.0,4.0,15.2,20.0
2014-06-01,14.8,20.7,11.2,5.0,0.4,46.0,7.0,26.0,87.0,70.0,1020.5,1018.0,7.0,8.0,17.0,17.8
2014-06-02,12.4,22.3,1.0,2.0,5.9,30.0,11.0,9.0,85.0,54.0,1017.2,1014.9,7.0,3.0,14.5,19.9
2014-06-03,10.5,20.3,0.0,1.8,9.9,39.0,9.0,17.0,70.0,42.0,1018.4,1016.2,1.0,1.0,13.2,19.5
2014-06-04,11.2,22.3,0.0,3.6,9.6,33.0,24.0,13.0,69.0,53.0,1024.1,1022.9,1.0,3.0,13.6,22.0
2014-06-05,13.6,19.8,8.6,4.0,0.4,30.0,19.0,11.0,91.0,80.0,1025.7,1024.1,8.0,7.0,15.3,18.0
2014-06-06,14.5,15.5,13.2,7.2,0.5,48.0,22.0,17.0,86.0,85.0,1026.3,1024.8,7.0,7.0,15.3,14.9
2014-06-07,10.1,19.4,6.8,2.4,7.8,39.0,26.0,19.0,67.0,60.0,1027.2,1025.0,2.0,6.0,12.2,17.8
2014-06-08,10.5,17.7,0.0,3.6,6.3,46.0,17.0,24.0,65.0,59.0,1026.9,1025.8,3.0,7.0,11.9,16.0
2014-06-09,8.6,18.4,2.2,2.6,5.1,46.0,22.0,17.0,71.0,73.0,1028.4,1027.3,1.0,7.0,10.4,16.9
2014-06-10,10.4,19.2,13.8,2.0,3.6,31.0,20.0,19.0,91.0,49.0,1030.5,1027.4,7.0,1.0,13.0,18.8
2014-06-11,10.4,19.6,5.6,2.2,5.6,24.0,19.0,9.0,86.0,62.0,1026.6,1022.8,6.0,6.0,11.9,17.7
2014-06-12,11.1,20.4,0.0,1.0,5.8,30.0,15.0,9.0,86.0,52.0,1022.0,1018.9,7.0,6.0,12.1,19.5
2014-06-13,10.7,20.9,0.0,2.4,3.3,28.0,15.0,15.0,85.0,48.0,1019.4,1015.0,7.0,7.0,11.8,20.4
2014-06-14,11.8,19.9,5.0,2.4,3.9,31.0,17.0,19.0,89.0,53.0,1012.1,1009.2,8.0,2.0,14.3,19.2
2014-06-15,10.3,17.2,0.2,2.6,1.2,54.0,13.0,22.0,65.0,49.0,1008.9,1008.3,7.0,7.0,13.0,16.9
2014-06-16,9.3,19.5,0.4,0.8,9.7,44.0,15.0,11.0,78.0,36.0,1020.8,1018.4,1.0,1.0,11.3,19.4
2014-06-17,10.0,19.8,0.0,4.4,9.1,43.0,20.0,19.0,63.0,46.0,1023.4,1024.0,1.0,5.0,13.5,17.8
2014-06-18,11.4,20.4,0.0,1.8,9.4,35.0,22.0,11.0,67.0,51.0,1030.1,1027.9,1.0,1.0,12.5,18.7
2014-06-19,10.6,21.5,0.0,1.8,8.5,24.0,15.0,13.0,81.0,57.0,1027.8,1022.9,3.0,3.0,12.0,19.8
2014-06-20,12.0,21.3,0.0,4.6,6.3,28.0,6.0,6.0,66.0,54.0,1019.9,1015.9,2.0,6.0,15.5,19.6
2014-06-21,10.5,21.9,0.0,2.4,9.5,30.0,22.0,11.0,79.0,31.0,1020.4,1018.5,1.0,1.0,11.8,21.4
2014-06-22,11.1,19.7,0.0,3.4,4.4,26.0,15.0,4.0,79.0,49.0,1023.0,1020.0,7.0,1.0,11.9,19.6
2014-06-23,10.0,16.6,0.0,0.6,1.8,37.0,15.0,22.0,76.0,57.0,1014.9,1008.6,7.0,7.0,13.5,15.8
2014-06-24,11.5,16.7,0.0,6.2,9.7,81.0,28.0,33.0,47.0,35.0,1007.1,1003.4,1.0,1.0,12.1,16.1
2014-06-25,11.1,18.1,0.0,4.0,9.7,76.0,31.0,39.0,45.0,35.0,1012.2,1012.8,1.0,1.0,14.8,17.7
2014-06-26,10.7,22.2,0.0,4.8,9.8,41.0,17.0,15.0,47.0,31.0,1018.8,1017.9,1.0,5.0,15.1,21.1
2014-06-27,10.4,21.2,0.0,4.0,8.1,30.0,11.0,9.0,68.0,39.0,1021.0,1015.1,7.0,7.0,12.1,20.4
2014-06-28,12.0,22.8,0.0,5.0,6.9,96.0,28.0,20.0,36.0,34.0,1007.2,999.9,7.0,2.0,15.8,20.3
2014-06-29,10.0,16.4,0.0,7.0,9.6,69.0,28.0,28.0,45.0,37.0,1004.5,1004.8,1.0,3.0,12.1,15.5
2014-06-30,9.4,16.1,0.0,3.8,9.4,50.0,24.0,22.0,53.0,29.0,1015.1,1015.7,1.0,1.0,11.4,16.0
2014-07-01,8.9,19.1,0.0,3.0,9.3,33.0,20.0,7.0,64.0,36.0,1025.0,1024.0,1.0,1.0,10.1,18.3
2014-07-02,7.4,20.2,0.0,3.8,9.6,37.0,28.0,13.0,67.0,36.0,1027.6,1025.2,1.0,1.0,9.6,19.2
2014-07-03,6.7,18.3,0.0,1.2,9.6,28.0,19.0,13.0,71.0,54.0,1027.3,1023.3,1.0,1.0,9.1,17.2
2014-07-04,6.7,20.4,0.0,2.4,9.9,30.0,9.0,7.0,71.0,33.0,1021.3,1016.6,0.0,1.0,9.3,19.6
2014-07-05,8.2,18.0,0.0,3.6,9.6,48.0,17.0,28.0,62.0,33.0,1016.2,1012.0,1.0,1.0,10.1,17.3
2014-07-06,8.2,18.1,0.0,4.0,9.9,43.0,17.0,24.0,59.0,36.0,1013.6,1010.8,1.0,1.0,11.6,16.2
2014-07-07,8.3,19.5,0.0,3.0,9.2,43.0,17.0,19.0,59.0,35.0,1014.4,1011.9,1.0,2.0,10.7,18.8
2014-07-08,7.9,18.7,0.0,3.8,9.7,33.0,20.0,6.0,66.0,51.0,1016.6,1012.2,1.0,1.0,9.0,16.2
2014-07-09,6.6,21.3,0.0,2.6,9.4,67.0,11.0,22.0,49.0,22.0,1007.6,999.6,0.0,1.0,11.9,20.7
2014-07-10,8.8,17.3,0.2,5.8,9.8,61.0,15.0,37.0,52.0,32.0,1005.8,1005.1,1.0,2.0,11.9,16.8
2014-07-11,9.0,18.5,0.0,4.0,9.9,35.0,17.0,19.0,58.0,32.0,1017.4,1016.0,1.0,0.0,11.8,18.2
2014-07-12,6.4,18.5,0.2,3.4,9.5,44.0,11.0,26.0,64.0,33.0,1019.6,1017.1,0.0,1.0,8.9,17.7
2014-07-13,6.5,16.3,0.0,3.6,9.6,46.0,28.0,24.0,54.0,47.0,1027.4,1027.3,1.0,3.0,8.2,15.1
2014-07-14,6.6,17.9,0.0,3.2,5.1,35.0,17.0,19.0,62.0,64.0,1032.0,1029.0,6.0,6.0,9.2,15.7
2014-07-15,9.2,15.6,1.6,0.4,0.0,22.0,13.0,2.0,88.0,74.0,1025.8,1021.3,7.0,8.0,11.5,15.3
2014-07-16,11.4,18.5,1.8,1.2,3.9,41.0,4.0,20.0,86.0,52.0,1013.7,1010.7,8.0,2.0,13.2,17.9
2014-07-17,9.5,19.9,0.0,2.0,9.4,56.0,20.0,26.0,56.0,33.0,1012.6,1008.6,1.0,3.0,13.1,19.1
2014-07-18,8.6,15.9,0.0,4.0,7.9,63.0,28.0,39.0,47.0,35.0,1011.2,1011.1,2.0,4.0,9.6,14.1
2014-07-19,8.5,14.9,0.0,4.6,3.2,70.0,26.0,24.0,50.0,57.0,1021.2,1021.4,6.0,6.0,10.1,13.6
2014-07-20,9.8,15.3,0.2,4.0,1.1,54.0,20.0,22.0,66.0,60.0,1025.7,1024.9,7.0,7.0,11.2,15.2
2014-07-21,8.9,18.3,0.0,2.0,7.5,31.0,22.0,17.0,69.0,64.0,1026.9,1023.3,7.0,7.0,9.9,15.7
2014-07-22,8.7,19.0,0.0,1.4,9.6,24.0,22.0,11.0,81.0,59.0,1024.6,1022.3,2.0,2.0,10.8,16.5
2014-07-23,8.9,18.9,0.0,3.2,6.7,22.0,17.0,13.0,87.0,57.0,1025.5,1021.6,3.0,5.0,10.7,17.1
2014-07-24,8.5,19.8,0.0,0.6,2.4,20.0,11.0,9.0,83.0,48.0,1022.5,1019.2,5.0,7.0,10.9,19.7
2014-07-25,9.6,18.8,0.0,2.8,2.6,52.0,9.0,15.0,82.0,59.0,1023.0,1019.9,7.0,7.0,11.5,18.3
2014-07-26,11.3,18.7,8.2,2.0,4.2,43.0,22.0,24.0,90.0,42.0,1024.9,1020.4,8.0,3.0,13.0,17.2
2014-07-27,9.4,21.0,4.2,1.8,10.2,31.0,20.0,15.0,65.0,38.0,1024.6,1021.5,1.0,1.0,11.9,18.7
2014-07-28,8.8,18.5,0.0,3.2,6.7,46.0,15.0,15.0,62.0,41.0,1021.3,1018.1,7.0,6.0,11.9,17.4
2014-07-29,11.8,23.3,0.0,4.0,5.1,44.0,22.0,20.0,49.0,27.0,1018.0,1013.2,7.0,1.0,14.9,22.9
2014-07-30,13.0,24.0,0.0,6.2,10.2,41.0,13.0,22.0,44.0,31.0,1018.0,1014.5,6.0,1.0,17.3,23.3
2014-07-31,13.9,25.0,0.0,6.6,10.1,61.0,24.0,35.0,40.0,21.0,1014.2,1007.3,1.0,0.0,17.7,24.5
2014-08-01,15.9,18.2,0.0,8.4,10.0,72.0,22.0,28.0,41.0,23.0,1007.2,1008.7,1.0,1.0,16.8,16.7
2014-08-02,7.2,16.1,0.0,6.4,10.0,46.0,28.0,28.0,45.0,36.0,1024.6,1026.8,1.0,1.0,9.6,15.0
2014-08-03,5.5,17.6,0.0,3.8,9.5,28.0,20.0,15.0,60.0,45.0,1034.1,1032.2,1.0,1.0,8.4,16.5
2014-08-04,6.4,17.2,0.0,2.6,10.1,26.0,17.0,20.0,69.0,58.0,1034.4,1030.4,3.0,4.0,9.9,16.0
2014-08-05,7.9,20.6,0.0,1.6,10.2,33.0,17.0,17.0,75.0,40.0,1032.0,1030.1,0.0,1.0,10.0,17.5
2014-08-06,6.5,22.4,0.0,2.6,10.1,35.0,20.0,11.0,64.0,43.0,1032.6,1026.2,1.0,1.0,9.7,20.1
2014-08-07,9.6,20.4,0.0,4.6,6.8,41.0,28.0,13.0,53.0,36.0,1029.6,1027.5,6.0,1.0,11.4,18.8
2014-08-08,9.1,18.1,0.0,2.6,4.0,24.0,17.0,15.0,76.0,64.0,1032.1,1029.6,7.0,3.0,10.9,16.9
2014-08-09,8.9,19.2,0.0,1.8,6.8,26.0,13.0,15.0,94.0,62.0,1029.9,1024.7,8.0,3.0,10.2,18.6
2014-08-10,9.9,23.2,0.0,3.0,3.5,31.0,9.0,9.0,46.0,27.0,1022.4,1017.6,6.0,1.0,12.7,22.7
2014-08-11,8.1,14.4,0.0,3.4,4.5,48.0,15.0,24.0,62.0,45.0,1025.4,1025.1,7.0,5.0,10.3,13.7
2014-08-12,6.3,15.4,21.4,5.6,3.9,44.0,17.0,11.0,84.0,78.0,1030.0,1028.2,7.0,7.0,8.9,12.3
2014-08-13,7.9,17.0,19.4,3.6,10.1,37.0,19.0,20.0,77.0,46.0,1033.3,1031.9,2.0,2.0,10.5,16.2
2014-08-14,6.4,19.3,0.2,2.8,10.3,30.0,20.0,22.0,64.0,49.0,1035.0,1032.5,1.0,2.0,9.5,18.1
2014-08-15,7.9,19.0,0.0,3.4,9.3,28.0,17.0,17.0,81.0,53.0,1031.6,1026.5,1.0,1.0,10.5,17.8
2014-08-16,8.7,16.8,0.0,1.2,0.3,26.0,13.0,13.0,86.0,70.0,1023.8,1019.0,7.0,7.0,10.3,16.4
2014-08-17,10.3,17.5,28.6,,2.2,46.0,28.0,22.0,90.0,74.0,1010.3,1004.2,8.0,7.0,14.4,17.0
2014-08-18,11.0,15.7,21.8,,0.0,63.0,31.0,28.0,94.0,90.0,1001.8,1005.0,8.0,8.0,13.8,13.3
2014-08-19,12.8,17.7,38.4,4.4,3.0,78.0,28.0,26.0,69.0,80.0,1015.3,1016.6,7.0,7.0,15.5,14.5
2014-08-20,9.5,17.1,8.2,4.6,5.0,44.0,22.0,22.0,68.0,54.0,1024.7,1024.5,7.0,6.0,12.5,15.7
2014-08-21,9.4,18.1,10.8,2.0,7.1,43.0,19.0,22.0,86.0,65.0,1029.2,1027.0,7.0,3.0,11.7,17.1
2014-08-22,11.2,19.6,10.2,2.4,10.1,28.0,17.0,17.0,88.0,61.0,1031.8,1029.0,6.0,3.0,13.2,18.5
2014-08-23,9.9,19.3,3.2,3.2,2.9,31.0,4.0,20.0,92.0,85.0,1031.6,1029.3,5.0,7.0,11.8,14.8
2014-08-24,11.1,19.4,3.8,0.2,7.3,22.0,17.0,11.0,88.0,64.0,1029.7,1026.4,4.0,2.0,13.0,18.4
2014-08-25,10.5,19.3,0.0,3.2,8.9,44.0,13.0,19.0,81.0,61.0,1025.7,1022.4,0.0,2.0,13.7,18.8
2014-08-26,11.6,15.6,12.6,4.6,0.0,52.0,2.0,9.0,93.0,87.0,1024.3,1022.7,8.0,7.0,13.6,14.9
2014-08-27,13.4,19.8,13.2,3.2,5.3,56.0,19.0,28.0,80.0,54.0,1025.3,1023.9,7.0,5.0,15.3,18.7
2014-08-28,12.3,19.7,15.2,6.6,8.8,48.0,20.0,26.0,81.0,51.0,1026.8,1025.9,2.0,4.0,15.3,17.8
2014-08-29,9.4,18.0,2.0,3.8,5.4,50.0,17.0,24.0,85.0,65.0,1026.7,1024.0,7.0,4.0,12.1,15.8
2014-08-30,12.0,16.1,3.2,3.8,2.7,52.0,20.0,22.0,89.0,84.0,1023.9,1021.7,8.0,7.0,12.5,14.9
2014-08-31,11.7,20.8,3.0,1.0,9.5,37.0,20.0,15.0,67.0,55.0,1021.1,1017.2,1.0,1.0,14.8,20.5
2014-09-01,10.7,23.6,0.0,3.2,8.7,31.0,13.0,13.0,77.0,51.0,1016.9,1010.9,4.0,7.0,14.6,20.7
2014-09-02,14.1,18.4,0.2,5.2,1.5,59.0,7.0,22.0,59.0,66.0,1009.1,1007.9,5.0,7.0,15.8,13.7
2014-09-03,8.9,16.7,5.0,4.2,7.7,76.0,28.0,30.0,52.0,45.0,1013.3,1012.3,6.0,5.0,13.1,16.2
2014-09-04,9.8,17.6,0.2,3.0,8.3,61.0,24.0,31.0,53.0,52.0,1015.9,1015.1,3.0,6.0,13.4,14.7
2014-09-05,8.8,18.2,4.4,3.6,8.7,52.0,17.0,26.0,72.0,57.0,1021.8,1021.7,3.0,2.0,13.2,16.7
2014-09-06,10.3,19.1,11.0,3.2,2.3,43.0,7.0,24.0,92.0,73.0,1029.7,1028.5,7.0,7.0,12.3,15.7
2014-09-07,11.2,19.0,18.4,3.6,6.9,31.0,15.0,17.0,90.0,65.0,1032.0,1028.2,7.0,2.0,12.5,17.7
2014-09-08,10.9,19.5,1.0,2.4,10.5,35.0,17.0,24.0,93.0,60.0,1029.5,1024.2,1.0,2.0,12.2,18.2
2014-09-09,12.2,23.1,0.0,5.0,10.3,41.0,17.0,22.0,56.0,56.0,1019.4,1012.8,1.0,4.0,19.3,20.6
2014-09-10,14.0,24.4,5.0,6.8,8.3,59.0,9.0,28.0,84.0,28.0,1008.2,1008.9,7.0,3.0,14.8,23.2
2014-09-11,12.1,25.8,0.2,5.2,10.9,50.0,13.0,17.0,36.0,32.0,1016.7,1013.7,1.0,1.0,18.1,23.7
2014-09-12,13.9,18.4,0.2,6.8,1.8,41.0,13.0,15.0,67.0,52.0,1025.7,1024.1,7.0,4.0,14.7,16.9
2014-09-13,12.9,17.6,0.8,2.4,3.8,28.0,9.0,17.0,80.0,72.0,1026.9,1023.5,7.0,4.0,14.4,16.8
2014-09-14,12.9,22.6,0.4,2.8,9.5,35.0,11.0,17.0,69.0,66.0,1020.6,1016.0,0.0,1.0,17.3,20.5
2014-09-15,13.1,20.1,0.0,3.8,10.1,30.0,11.0,22.0,68.0,55.0,1018.6,1015.1,1.0,5.0,17.7,19.2
2014-09-16,15.2,21.7,0.0,4.8,5.1,,28.0,4.0,76.0,66.0,1009.9,1005.5,6.0,3.0,18.6,20.6
2014-09-17,13.3,22.2,0.0,5.2,10.7,61.0,35.0,30.0,36.0,25.0,1012.2,1010.1,6.0,3.0,17.7,20.9
2014-09-18,12.2,20.5,0.0,7.0,10.8,44.0,28.0,24.0,33.0,31.0,1018.6,1017.1,1.0,3.0,15.6,18.4
2014-09-19,9.2,22.2,0.0,5.4,9.7,31.0,19.0,26.0,50.0,33.0,1022.3,1018.5,7.0,7.0,14.7,18.2
2014-09-20,9.1,20.3,0.0,4.2,11.0,41.0,13.0,22.0,50.0,41.0,1024.5,1023.7,1.0,1.0,15.4,19.4
2014-09-21,10.9,20.9,1.0,3.6,8.0,30.0,15.0,15.0,71.0,49.0,1030.5,1027.3,6.0,2.0,15.4,18.3
2014-09-22,12.3,20.2,0.2,4.8,10.6,26.0,6.0,17.0,55.0,51.0,1032.1,1028.9,4.0,1.0,16.9,18.9
2014-09-23,10.9,21.2,0.0,4.0,10.9,37.0,11.0,20.0,58.0,53.0,1030.2,1026.2,0.0,0.0,17.2,19.6
2014-09-24,11.7,22.2,0.0,5.4,10.7,37.0,6.0,17.0,66.0,66.0,1022.7,1016.6,0.0,3.0,18.5,20.8
2014-09-25,17.4,24.6,0.0,6.2,1.2,61.0,6.0,17.0,60.0,65.0,1011.9,1009.8,7.0,7.0,20.0,20.2
2014-09-26,14.3,21.7,2.0,3.0,8.3,41.0,22.0,19.0,59.0,51.0,1017.9,1015.9,5.0,5.0,18.8,20.1
2014-09-27,13.0,22.8,0.2,5.0,11.1,35.0,15.0,20.0,53.0,45.0,1021.1,1019.3,5.0,1.0,18.8,20.2
2014-09-28,11.6,25.4,0.2,5.4,11.2,50.0,19.0,24.0,54.0,50.0,1021.9,1016.2,0.0,0.0,20.4,21.2
2014-09-29,16.5,32.9,0.0,8.0,10.6,37.0,17.0,15.0,29.0,17.0,1014.6,1011.2,2.0,0.0,25.2,32.3
2014-09-30,16.6,33.5,0.0,8.0,6.8,52.0,2.0,26.0,42.0,16.0,1013.7,1007.2,4.0,5.0,23.7,32.7
2014-10-01,15.6,22.1,0.0,12.0,11.3,61.0,28.0,24.0,19.0,28.0,1017.7,1018.5,1.0,1.0,18.2,19.6
2014-10-02,10.4,24.9,0.0,7.2,11.1,30.0,11.0,13.0,45.0,45.0,1022.1,1017.2,1.0,0.0,17.6,21.3
2014-10-03,12.8,21.1,0.0,5.8,6.3,31.0,6.0,17.0,63.0,58.0,1021.1,1019.6,4.0,7.0,19.0,19.1
2014-10-04,16.4,21.9,0.0,3.0,8.5,39.0,19.0,24.0,73.0,68.0,1020.2,1015.5,7.0,1.0,19.2,21.5
2014-10-05,14.0,33.8,0.0,4.4,10.6,63.0,11.0,17.0,65.0,23.0,1016.0,1012.9,1.0,1.0,18.4,30.8
2014-10-06,17.3,26.0,0.0,8.8,8.3,46.0,9.0,19.0,67.0,64.0,1019.2,1012.4,7.0,2.0,19.7,21.8
2014-10-07,19.7,27.9,0.0,8.0,7.7,61.0,28.0,20.0,44.0,30.0,1007.8,1008.3,7.0,1.0,24.1,25.2
2014-10-08,15.1,21.1,5.4,4.6,3.7,35.0,20.0,19.0,80.0,54.0,1018.7,1018.0,7.0,2.0,16.7,18.8
2014-10-09,14.4,21.2,0.0,4.8,8.5,37.0,7.0,22.0,61.0,49.0,1023.2,1020.2,1.0,1.0,18.6,21.0
2014-10-10,14.0,22.8,0.2,4.8,7.9,35.0,13.0,22.0,53.0,58.0,1019.5,1015.5,6.0,6.0,20.2,21.9
2014-10-11,14.4,26.8,0.0,5.4,11.1,41.0,13.0,19.0,61.0,61.0,1016.8,1014.2,1.0,1.0,19.9,23.6
2014-10-12,17.0,24.7,0.0,7.8,11.2,52.0,9.0,26.0,66.0,61.0,1017.5,1013.4,0.0,1.0,20.3,23.3
2014-10-13,17.9,26.2,0.0,8.8,5.0,57.0,11.0,13.0,60.0,69.0,1007.6,1005.7,7.0,8.0,22.5,21.5
2014-10-14,13.2,17.6,9.4,5.8,3.0,76.0,26.0,20.0,49.0,42.0,1008.5,1008.5,6.0,7.0,14.9,17.1
2014-10-15,10.6,16.0,70.8,,0.1,78.0,28.0,26.0,79.0,52.0,1011.7,1013.4,8.0,7.0,11.6,15.1
2014-10-16,9.0,23.4,0.2,4.0,11.7,30.0,11.0,24.0,61.0,43.0,1018.4,1015.8,2.0,6.0,14.3,20.1
2014-10-17,12.2,20.8,0.0,4.0,8.8,50.0,20.0,31.0,75.0,45.0,1024.6,1024.9,7.0,3.0,15.2,19.9
2014-10-18,12.9,20.4,0.0,7.6,6.2,26.0,15.0,17.0,66.0,46.0,1029.8,1027.4,7.0,1.0,15.3,19.6
2014-10-19,12.4,23.9,0.0,2.6,12.0,41.0,9.0,19.0,57.0,49.0,1027.5,1022.6,1.0,1.0,18.6,23.1
2014-10-20,15.8,20.8,0.0,10.6,4.0,69.0,33.0,22.0,59.0,74.0,1028.7,1029.8,7.0,8.0,19.8,17.0
2014-10-21,15.0,18.7,0.4,2.6,0.0,31.0,19.0,19.0,50.0,49.0,1032.5,1030.7,8.0,7.0,17.4,18.5
2014-10-22,15.0,21.3,0.0,5.0,9.2,46.0,4.0,28.0,54.0,54.0,1027.1,1022.0,7.0,1.0,17.8,20.4
2014-10-23,14.5,28.0,0.0,6.0,10.7,28.0,6.0,20.0,64.0,56.0,1018.0,1015.9,3.0,2.0,19.7,25.1
2014-10-24,18.6,26.4,0.0,5.8,7.1,48.0,13.0,30.0,78.0,70.0,1020.1,1014.9,6.0,5.0,22.0,23.1
2014-10-25,18.5,29.9,0.2,6.0,8.4,39.0,19.0,19.0,81.0,59.0,1015.3,1013.6,1.0,6.0,21.0,25.9
2014-10-26,18.5,32.5,0.0,5.0,11.2,44.0,11.0,24.0,64.0,55.0,1010.2,1007.9,0.0,5.0,23.5,25.8
2014-10-27,19.4,31.6,0.0,6.6,8.9,70.0,13.0,41.0,60.0,26.0,1007.8,1002.7,5.0,7.0,23.2,29.6
2014-10-28,15.9,28.9,0.0,7.8,10.4,43.0,17.0,22.0,36.0,18.0,1012.2,1008.3,2.0,1.0,21.7,28.0
2014-10-29,16.6,24.6,0.0,7.2,11.4,37.0,7.0,26.0,35.0,63.0,1017.2,1015.8,1.0,2.0,22.6,21.8
2014-10-30,15.5,30.8,0.0,5.8,12.6,28.0,13.0,17.0,61.0,32.0,1015.6,1011.6,2.0,3.0,21.1,28.4
2014-10-31,16.3,30.2,0.0,9.2,11.7,41.0,13.0,13.0,55.0,43.0,1013.4,1008.2,1.0,6.0,22.4,26.3
2014-11-01,21.3,36.5,1.2,10.0,10.6,,28.0,24.0,35.0,31.0,1003.9,998.2,1.0,6.0,29.1,32.4
2014-11-02,13.7,23.5,2.4,15.0,12.9,56.0,28.0,22.0,26.0,23.0,1017.9,1017.9,1.0,1.0,16.8,21.8
2014-11-03,13.8,21.5,0.2,7.8,6.8,37.0,11.0,26.0,52.0,57.0,1025.4,1023.7,3.0,4.0,17.0,19.5
2014-11-04,16.1,21.8,0.0,6.6,8.8,46.0,13.0,31.0,60.0,64.0,1024.0,1019.4,7.0,2.0,20.4,21.0
2014-11-05,17.7,23.5,0.0,6.0,3.8,67.0,15.0,30.0,67.0,75.0,1017.1,1012.6,7.0,7.0,20.7,21.0
2014-11-06,15.5,23.2,2.0,5.6,9.5,50.0,24.0,28.0,64.0,57.0,1014.8,1013.9,6.0,6.0,20.1,20.9
2014-11-07,16.5,22.1,0.0,6.2,11.9,30.0,9.0,22.0,54.0,56.0,1019.4,1019.5,4.0,5.0,20.6,21.8
2014-11-08,14.4,23.1,0.0,6.4,12.3,41.0,9.0,22.0,61.0,60.0,1022.4,1018.9,2.0,0.0,21.4,21.9
2014-11-09,16.5,26.2,0.0,6.8,10.9,54.0,22.0,24.0,60.0,53.0,1018.8,1017.6,1.0,6.0,23.1,25.2
2014-11-10,18.7,23.6,0.0,8.0,3.2,37.0,13.0,20.0,73.0,61.0,1018.2,1016.8,8.0,6.0,20.7,22.2
2014-11-11,16.6,23.2,0.0,4.2,5.1,35.0,7.0,20.0,51.0,66.0,1020.1,1019.6,6.0,8.0,21.3,19.0
2014-11-12,16.4,22.2,0.0,4.6,6.1,33.0,6.0,20.0,66.0,51.0,1019.7,1016.0,6.0,1.0,18.8,21.6
2014-11-13,18.5,23.5,0.0,6.8,6.6,39.0,15.0,22.0,64.0,68.0,1019.2,1015.7,7.0,7.0,20.0,22.1
2014-11-14,17.7,32.2,0.0,4.8,11.2,72.0,2.0,13.0,69.0,39.0,1011.8,1006.7,3.0,7.0,23.3,31.7
2014-11-15,18.9,24.1,0.0,12.8,2.3,39.0,7.0,24.0,60.0,50.0,1009.9,1010.0,8.0,8.0,20.1,22.6
2014-11-16,18.1,28.5,5.6,5.0,7.3,74.0,22.0,44.0,87.0,27.0,1005.6,1001.5,8.0,2.0,18.2,28.1
2014-11-17,15.2,25.5,0.4,7.0,12.6,35.0,15.0,24.0,38.0,48.0,1013.8,1011.8,2.0,3.0,21.3,22.9
2014-11-18,18.6,26.7,0.0,8.0,11.7,43.0,20.0,24.0,60.0,45.0,1016.7,1016.4,3.0,1.0,22.3,25.2
2014-11-19,18.1,24.9,0.0,8.0,10.1,41.0,11.0,28.0,65.0,59.0,1021.8,1018.6,7.0,5.0,21.9,22.7
2014-11-20,18.8,31.1,0.0,6.8,10.6,41.0,6.0,24.0,56.0,57.0,1014.3,1008.7,7.0,6.0,24.8,26.0
2014-11-21,22.1,33.9,0.0,8.4,11.0,63.0,7.0,22.0,36.0,46.0,1007.4,1004.6,2.0,2.0,31.0,30.3
2014-11-22,19.1,26.3,0.0,10.0,9.3,37.0,9.0,19.0,50.0,60.0,1015.9,1011.5,4.0,7.0,23.6,23.4
2014-11-23,19.6,30.1,0.0,6.0,10.6,44.0,4.0,22.0,62.0,54.0,1011.5,1007.4,3.0,3.0,24.9,28.9
2014-11-24,21.1,30.2,0.0,7.2,6.4,33.0,6.0,28.0,71.0,76.0,1015.0,1007.4,6.0,6.0,23.5,23.6
2014-11-25,21.8,24.7,5.0,6.6,5.6,52.0,13.0,24.0,65.0,56.0,1013.0,1016.4,7.0,5.0,24.0,21.6
2014-11-26,19.3,23.3,0.0,7.4,7.3,41.0,17.0,26.0,58.0,66.0,1019.7,1016.6,6.0,7.0,21.5,21.9
2014-11-27,18.9,20.9,0.4,7.6,0.0,43.0,26.0,20.0,71.0,61.0,1022.0,1022.4,6.0,7.0,19.8,20.3
2014-11-28,17.75,23.3,0.2666666666666667,3.4,11.9,37.0,13.0,19.0,68.5,46.0,1020.85,1021.3,3.0,2.0,20.35,22.3
2014-11-29,16.6,25.3,0.13333333333333336,7.4,11.8,43.0,7.0,28.0,66.0,62.0,1019.7,1015.1,2.0,4.0,20.9,24.3
2014-11-30,19.1,26.8,0.0,8.0,8.4,44.0,11.0,26.0,64.0,63.0,1014.2,1011.2,2.0,4.0,23.8,24.6
2014-12-01,19.6,26.8,3.2,9.8,8.0,46.0,6.0,20.0,59.0,69.0,1011.0,1007.9,6.0,7.0,25.1,23.6
2014-12-02,19.0,28.9,8.2,8.6,10.7,61.0,15.0,20.0,71.0,56.0,1011.9,1008.8,6.0,2.0,23.7,27.8
2014-12-03,21.6,29.3,1.0,8.4,7.6,59.0,4.0,17.0,68.0,55.0,1013.2,1009.4,4.0,7.0,26.2,28.4
2014-12-04,20.0,26.9,23.8,8.0,0.0,61.0,9.0,22.0,80.0,74.0,1012.5,1009.4,7.0,7.0,22.7,25.3
2014-12-05,19.6,27.2,6.2,11.0,6.9,52.0,9.0,17.0,64.0,59.0,1008.3,1005.6,7.0,5.0,24.3,26.3
2014-12-06,20.5,26.7,1.8,5.6,6.6,30.0,17.0,17.0,70.0,61.0,1007.7,1004.1,6.0,7.0,23.4,25.5
2014-12-07,18.7,27.2,5.4,7.8,8.9,50.0,11.0,22.0,68.0,81.0,1006.0,1003.9,2.0,4.0,24.5,23.6
2014-12-08,18.9,32.0,15.8,8.6,7.5,70.0,2.0,17.0,81.0,42.0,1006.8,1006.3,6.0,7.0,22.0,29.2
2014-12-09,21.1,23.8,0.4,7.4,2.1,31.0,19.0,22.0,71.0,70.0,1015.0,1014.3,7.0,6.0,22.5,23.0
2014-12-10,20.4,25.3,0.0,5.0,2.6,33.0,17.0,22.0,73.0,69.0,1014.8,1011.4,6.0,7.0,22.5,24.7
2014-12-11,20.7,22.0,9.8,3.4,0.7,65.0,19.0,26.0,92.0,85.0,1005.5,1008.8,7.0,7.0,21.7,18.6
2014-12-12,16.6,23.0,12.2,6.0,5.2,63.0,33.0,31.0,55.0,54.0,1017.5,1018.2,3.0,3.0,20.1,22.4
2014-12-13,16.7,24.1,0.0,8.4,9.7,44.0,19.0,28.0,53.0,54.0,1018.6,1016.9,5.0,4.0,20.6,21.2
2014-12-14,15.3,24.4,0.0,8.0,10.8,39.0,7.0,24.0,69.0,48.0,1014.4,1010.7,5.0,1.0,20.0,23.2
2014-12-15,17.8,25.9,0.0,8.0,13.0,41.0,6.0,24.0,54.0,48.0,1012.2,1010.8,1.0,1.0,24.3,24.6
2014-12-16,20.0,25.0,0.0,11.4,8.7,65.0,13.0,39.0,60.0,67.0,1007.9,999.6,7.0,3.0,22.1,24.3
2014-12-17,19.2,23.8,0.0,7.6,5.8,,33.0,22.0,61.0,51.0,1006.3,1007.8,2.0,7.0,21.2,22.3
2014-12-18,18.3,25.3,0.0,6.8,5.6,31.0,11.0,20.0,80.0,70.0,1010.3,1005.5,8.0,6.0,19.1,24.4
2014-12-19,18.2,24.1,0.0,6.6,10.8,56.0,31.0,22.0,53.0,44.0,1012.4,1013.0,1.0,1.0,21.2,23.2
2014-12-20,18.0,23.1,0.0,8.4,9.5,31.0,9.0,20.0,51.0,50.0,1018.5,1016.6,5.0,1.0,20.7,22.2
2014-12-21,16.8,25.7,0.0,7.0,12.6,46.0,6.0,31.0,65.0,61.0,1018.6,1016.0,1.0,1.0,22.5,24.1
2014-12-22,20.5,26.4,0.0,9.2,8.8,57.0,15.0,33.0,63.0,69.0,1016.9,1014.8,3.0,5.0,24.8,25.1
2014-12-23,20.7,26.1,0.0,8.2,4.6,41.0,11.0,13.0,84.0,81.0,1015.4,1012.8,7.0,8.0,21.1,23.8
2014-12-24,21.0,24.3,1.6,5.0,3.3,54.0,17.0,28.0,82.0,71.0,1013.7,1013.9,7.0,7.0,22.4,22.7
2014-12-25,19.8,26.8,0.0,5.8,5.3,59.0,9.0,22.0,77.0,71.0,1011.5,1005.7,7.0,7.0,23.2,25.6
2014-12-26,19.9,30.4,28.6,4.0,8.9,57.0,19.0,37.0,67.0,66.0,1007.8,1011.3,3.0,6.0,24.1,22.7
2014-12-27,18.8,21.7,0.0,10.6,0.0,31.0,11.0,15.0,50.0,53.0,1021.0,1020.6,7.0,7.0,20.6,20.7
2014-12-28,18.9,24.2,0.0,4.0,2.0,30.0,2.0,13.0,75.0,61.0,1019.2,1015.9,7.0,7.0,20.2,23.5
2014-12-29,17.7,27.3,0.0,5.4,12.6,46.0,13.0,24.0,62.0,66.0,1009.7,1004.1,1.0,1.0,23.6,25.4
2014-12-30,19.4,28.1,0.0,8.0,12.7,54.0,13.0,17.0,59.0,50.0,1007.4,1004.0,0.0,0.0,23.4,26.9
2014-12-31,19.3,25.2,0.0,9.6,8.0,46.0,17.0,24.0,64.0,57.0,1015.6,1014.4,5.0,2.0,22.2,23.9
2015-01-01,21.4,28.4,0.0,6.8,11.0,43.0,15.0,24.0,68.0,69.0,1014.5,1011.4,1.0,3.0,25.2,27.5
2015-01-02,21.2,28.5,0.0,9.2,3.6,37.0,17.0,17.0,78.0,76.0,1018.8,1017.7,7.0,7.0,23.2,26.3
2015-01-03,22.0,28.8,0.0,4.0,12.0,48.0,15.0,22.0,76.0,70.0,1020.2,1017.5,3.0,1.0,26.3,27.7
2015-01-04,22.4,30.4,0.0,10.2,8.9,52.0,11.0,15.0,69.0,66.0,1015.9,1012.8,1.0,7.0,26.9,27.1
2015-01-05,20.5,26.3,0.2,10.0,3.4,35.0,9.0,15.0,82.0,66.0,1019.4,1018.7,7.0,7.0,21.8,25.9
2015-01-06,21.3,28.2,0.2,4.0,11.8,26.0,11.0,17.0,80.0,64.0,1020.7,1019.9,5.0,3.0,24.4,26.8
2015-01-07,22.8,29.3,0.0,6.6,12.4,44.0,17.0,22.0,64.0,50.0,1020.6,1018.3,3.0,1.0,27.1,27.9
2015-01-08,21.2,28.0,0.0,9.2,13.0,,6.0,31.0,55.0,55.0,1016.1,1011.7,1.0,1.0,25.8,27.4
2015-01-09,21.8,29.9,0.0,13.6,8.7,48.0,13.0,31.0,72.0,64.0,1010.6,1007.8,1.0,2.0,25.7,26.9
2015-01-10,22.0,28.7,0.0,7.4,1.0,,2.0,13.0,81.0,78.0,1010.8,1009.1,7.0,8.0,24.3,25.2
2015-01-11,20.6,22.9,21.0,7.4,0.0,33.0,19.0,13.0,96.0,92.0,1013.6,1012.6,8.0,8.0,21.1,21.1
2015-01-12,20.4,24.4,9.6,,3.3,56.0,22.0,30.0,76.0,78.0,1014.7,1013.3,7.0,7.0,22.9,22.9
2015-01-13,18.9,28.8,4.8,5.4,7.5,43.0,6.0,20.0,94.0,77.0,1010.2,1005.6,6.0,5.0,21.2,24.5
2015-01-14,21.1,34.2,0.0,6.2,12.7,54.0,6.0,28.0,55.0,32.0,999.1,997.2,1.0,2.0,28.6,33.4
2015-01-15,22.0,29.0,0.0,11.0,11.7,35.0,11.0,24.0,45.0,57.0,1004.0,1004.2,2.0,1.0,26.1,24.8
2015-01-16,21.2,27.6,0.0,8.2,12.9,33.0,6.0,22.0,67.0,63.0,1008.6,1005.8,3.0,2.0,24.7,26.6
2015-01-17,20.7,35.7,0.0,3.2,13.4,39.0,7.0,24.0,35.0,23.0,1008.0,1005.2,0.0,1.0,27.0,33.5
2015-01-18,20.7,29.1,0.0,10.2,11.8,39.0,13.0,20.0,73.0,43.0,1011.7,1010.0,5.0,6.0,24.5,28.6
2015-01-19,20.9,22.7,0.0,10.4,0.1,44.0,28.0,24.0,66.0,61.0,1014.9,1015.2,8.0,8.0,21.7,21.7
2015-01-20,18.1,24.8,6.2,3.4,7.3,48.0,20.0,26.0,88.0,64.0,1014.3,1011.9,8.0,5.0,20.3,23.9
2015-01-21,19.7,28.0,18.0,7.4,10.5,59.0,2.0,20.0,78.0,61.0,1011.0,1010.6,5.0,3.0,24.4,27.1
2015-01-22,22.5,28.3,0.2,8.4,11.7,37.0,9.0,19.0,68.0,58.0,1014.5,1012.1,5.0,1.0,26.4,27.5
2015-01-23,22.4,29.1,0.0,8.0,10.5,52.0,11.0,30.0,74.0,61.0,1010.1,1007.0,7.0,2.0,25.8,28.7
2015-01-24,22.7,29.1,0.0,9.2,9.8,43.0,15.0,24.0,69.0,54.0,1008.1,1004.9,1.0,1.0,26.7,28.3
2015-01-25,21.6,34.4,1.0,8.0,11.2,59.0,6.0,19.0,77.0,44.0,1003.1,1001.6,2.0,5.0,25.0,31.2
2015-01-26,20.2,20.4,0.6,10.6,0.0,35.0,20.0,17.0,84.0,88.0,1013.2,1013.3,8.0,8.0,20.4,19.7
2015-01-27,18.9,20.4,33.0,5.4,0.0,37.0,20.0,13.0,96.0,93.0,1013.3,1012.5,8.0,8.0,19.2,20.2
2015-01-28,17.3,20.5,57.0,7.2,2.3,43.0,17.0,6.0,95.0,92.0,1013.3,1013.5,8.0,7.0,17.9,18.2
2015-01-29,14.6,24.3,14.0,2.8,12.2,57.0,17.0,35.0,54.0,47.0,1012.9,1011.0,3.0,3.0,19.0,22.1
2015-01-30,15.2,27.3,0.0,8.8,11.2,48.0,20.0,17.0,43.0,28.0,1009.4,1005.4,1.0,3.0,19.6,26.8
2015-01-31,17.0,26.1,0.0,5.8,11.7,26.0,9.0,19.0,59.0,42.0,1008.1,1005.8,2.0,2.0,21.4,24.2
2015-02-01,19.3,26.6,0.0,9.4,7.0,37.0,9.0,19.0,75.0,55.0,1009.5,1009.3,7.0,6.0,22.0,24.2
2015-02-02,18.0,25.0,3.4,6.6,8.7,61.0,19.0,35.0,81.0,59.0,1015.5,1015.9,7.0,2.0,19.6,23.4
2015-02-03,18.5,26.5,1.0,8.6,9.8,43.0,17.0,24.0,72.0,45.0,1020.1,1017.5,5.0,2.0,20.1,25.7
2015-02-04,17.3,25.6,1.2,6.4,6.6,43.0,15.0,30.0,70.0,58.0,1015.7,1015.7,7.0,6.0,20.1,22.9
2015-02-05,18.6,24.3,7.4,7.2,0.5,46.0,20.0,13.0,59.0,54.0,1023.2,1024.1,7.0,7.0,21.9,22.5
2015-02-06,17.6,25.6,0.2,4.2,7.8,31.0,9.0,15.0,80.0,53.0,1027.7,1026.2,7.0,7.0,20.5,23.6
2015-02-07,18.8,26.5,0.0,5.4,6.9,35.0,9.0,22.0,77.0,50.0,1025.2,1021.8,8.0,4.0,20.3,26.0
2015-02-08,18.9,32.1,0.0,5.6,12.2,26.0,9.0,22.0,71.0,58.0,1018.9,1017.0,0.0,1.0,23.3,28.3
2015-02-09,22.7,25.9,0.0,8.0,1.2,46.0,20.0,20.0,76.0,66.0,1023.8,1023.9,7.0,7.0,23.7,25.3
2015-02-10,21.5,28.2,0.0,5.8,7.7,33.0,6.0,19.0,82.0,65.0,1024.6,1023.1,5.0,3.0,24.0,27.7
2015-02-11,22.8,28.6,0.2,5.8,11.3,41.0,17.0,28.0,72.0,59.0,1023.6,1021.0,6.0,2.0,25.8,27.1
2015-02-12,21.0,28.8,0.0,8.0,10.0,37.0,4.0,26.0,62.0,61.0,1021.8,1021.0,1.0,5.0,26.1,27.6
2015-02-13,20.4,28.1,6.8,7.8,4.6,31.0,7.0,19.0,94.0,61.0,1024.2,1023.3,7.0,5.0,22.1,25.1
2015-02-14,20.4,27.2,4.4,5.0,6.7,39.0,7.0,17.0,82.0,55.0,1023.1,1019.9,2.0,7.0,23.1,26.9
2015-02-15,20.3,29.4,0.6,5.6,8.8,37.0,4.0,20.0,85.0,59.0,1017.0,1014.8,7.0,3.0,22.4,26.4
2015-02-16,22.1,28.0,0.0,8.0,11.1,46.0,19.0,28.0,62.0,57.0,1016.9,1015.7,3.0,7.0,25.4,26.8
2015-02-17,21.9,27.8,0.0,8.4,12.2,48.0,19.0,31.0,59.0,56.0,1019.0,1017.6,3.0,2.0,25.7,26.1
2015-02-18,22.2,27.6,0.0,10.4,12.2,41.0,9.0,28.0,59.0,60.0,1019.9,1019.0,2.0,2.0,26.4,26.7
2015-02-19,22.2,27.6,0.2,9.6,5.1,39.0,11.0,17.0,88.0,63.0,1021.8,1019.4,7.0,5.0,23.0,25.8
2015-02-20,21.7,26.8,0.0,5.0,1.8,43.0,6.0,9.0,82.0,67.0,1018.0,1016.2,7.0,7.0,23.8,25.6
2015-02-21,20.5,25.6,1.0,2.8,0.0,37.0,6.0,15.0,88.0,74.0,1017.1,1016.0,8.0,8.0,22.9,24.5
2015-02-22,20.7,27.4,1.2,3.4,10.7,31.0,4.0,20.0,82.0,62.0,1017.7,1016.9,3.0,6.0,23.8,26.8
2015-02-23,22.4,27.6,0.0,6.6,5.5,31.0,15.0,17.0,76.0,63.0,1016.9,1014.6,5.0,4.0,24.1,26.9
2015-02-24,22.2,25.6,0.2,5.2,6.2,61.0,4.0,33.0,89.0,66.0,1014.8,1015.1,7.0,6.0,23.3,24.8
2015-02-25,20.1,23.8,0.0,6.6,9.1,44.0,6.0,30.0,76.0,77.0,1015.6,1015.2,7.0,7.0,22.2,22.9
2015-02-26,19.9,25.8,4.2,2.2,4.7,20.0,15.0,17.0,86.0,72.0,1010.9,1007.2,7.0,7.0,21.5,24.9
2015-02-27,20.0,27.5,26.8,4.6,8.4,28.0,11.0,17.0,97.0,60.0,1010.8,1009.5,6.0,2.0,21.1,26.4
2015-02-28,20.1,27.0,0.2,5.6,6.0,43.0,9.0,22.0,78.0,62.0,1010.8,1008.5,7.0,7.0,23.3,26.5
2015-03-01,22.0,36.4,0.0,6.0,7.0,91.0,6.0,20.0,69.0,57.0,1005.9,1002.9,1.0,7.0,26.2,29.3
2015-03-02,18.2,24.6,11.4,10.6,3.3,48.0,20.0,15.0,70.0,57.0,1018.7,1017.3,6.0,7.0,20.1,23.7
2015-03-03,16.8,27.7,0.2,5.0,8.0,33.0,9.0,28.0,60.0,54.0,1015.9,1013.1,1.0,2.0,22.5,25.8
2015-03-04,21.5,27.9,0.0,6.6,7.4,26.0,7.0,13.0,79.0,63.0,1013.4,1010.2,5.0,3.0,23.7,26.9
2015-03-05,20.4,28.6,0.0,4.8,9.8,59.0,15.0,35.0,28.0,56.0,1005.9,1008.5,4.0,4.0,25.2,23.1
2015-03-06,16.2,30.9,0.0,8.8,11.3,44.0,15.0,24.0,44.0,22.0,1007.6,1003.7,5.0,1.0,21.1,29.6
2015-03-07,19.3,25.4,0.0,8.0,7.3,43.0,2.0,24.0,89.0,57.0,1012.8,1009.9,4.0,2.0,19.8,24.6
2015-03-08,19.6,27.6,0.0,5.8,6.7,35.0,11.0,22.0,87.0,62.0,1011.1,1009.5,7.0,7.0,21.0,25.6
2015-03-09,20.3,31.2,0.0,4.0,11.0,31.0,11.0,24.0,75.0,57.0,1011.9,1009.9,0.0,1.0,23.7,27.7
2015-03-10,21.1,24.5,0.0,7.2,0.9,35.0,17.0,20.0,79.0,79.0,1017.7,1016.5,7.0,7.0,22.8,24.0
2015-03-11,21.3,27.9,0.0,1.2,7.6,52.0,11.0,26.0,85.0,65.0,1016.9,1013.3,6.0,1.0,22.5,27.0
2015-03-12,20.0,28.7,0.2,6.2,9.8,41.0,22.0,22.0,76.0,52.0,1014.9,1013.3,6.5,6.0,25.0,27.3
2015-03-13,20.1,21.9,0.6,6.2,0.3,44.0,22.0,17.0,70.0,65.0,1019.9,1019.5,7.0,7.0,20.8,21.4
2015-03-14,15.8,24.5,1.2,3.4,8.9,31.0,9.0,19.0,73.0,49.0,1018.7,1014.6,1.0,2.0,20.1,23.7
2015-03-15,17.7,24.9,0.0,5.6,5.1,70.0,26.0,33.0,75.0,51.0,1010.0,1012.5,6.0,6.0,21.8,23.0
2015-03-16,16.3,23.6,8.8,7.4,6.1,37.0,13.0,13.0,77.0,45.0,1017.2,1015.7,7.0,5.0,17.9,23.4
2015-03-17,15.3,24.4,0.0,4.8,3.9,31.0,11.0,17.0,63.0,55.0,1015.9,1012.0,3.0,7.0,20.4,22.5
2015-03-18,19.7,29.9,0.0,5.8,7.8,28.0,9.0,17.0,76.0,49.0,1007.2,1003.7,7.0,2.0,22.5,27.2
2015-03-19,19.6,28.9,0.2,3.0,10.5,35.0,20.0,19.0,72.0,54.0,1011.5,1010.5,2.0,1.0,22.8,27.2
2015-03-20,20.0,31.4,0.0,5.2,8.0,72.0,13.0,39.0,75.0,65.0,1010.5,1012.0,1.0,5.0,23.8,24.9
2015-03-21,18.3,23.1,2.0,7.6,0.9,44.0,22.0,22.0,75.0,55.0,1024.7,1025.3,7.0,6.0,19.6,21.7
2015-03-22,18.6,24.4,2.2,5.4,1.6,44.0,24.0,22.0,71.0,59.0,1024.4,1022.0,7.0,7.0,22.2,24.1
2015-03-23,18.4,26.5,1.4,3.4,8.7,41.0,9.0,22.0,81.0,64.0,1018.9,1013.6,1.0,6.0,22.8,26.4
2015-03-24,20.6,27.6,0.2,6.8,2.2,31.0,2.0,9.0,86.0,93.0,1012.1,1010.4,7.0,8.0,22.2,22.5
2015-03-25,15.0,24.8,22.4,3.4,9.7,37.0,19.0,20.0,72.0,53.0,1017.2,1016.5,1.0,3.0,18.0,24.2
2015-03-26,16.9,28.7,0.2,5.8,10.4,41.0,19.0,17.0,70.0,24.0,1017.8,1015.1,1.0,1.0,20.4,27.8
2015-03-27,14.7,27.6,0.0,7.0,11.2,52.0,15.0,22.0,34.0,20.0,1020.5,1017.1,1.0,0.0,17.2,26.4
2015-03-28,14.7,24.5,0.0,7.0,10.9,37.0,24.0,20.0,39.0,45.0,1023.4,1021.9,1.0,2.0,18.5,22.2
2015-03-29,15.2,24.7,0.0,5.0,6.4,31.0,11.0,20.0,78.0,59.0,1023.4,1021.1,7.0,6.0,17.3,23.2
2015-03-30,17.3,23.9,0.0,4.8,2.7,28.0,19.0,19.0,84.0,64.0,1024.3,1022.9,8.0,5.0,19.1,23.1
2015-03-31,17.3,24.1,14.2,3.0,3.8,31.0,6.0,13.0,93.0,58.0,1026.2,1024.8,7.0,6.0,19.7,22.7
2015-04-01,17.8,25.3,6.0,4.2,9.9,39.0,13.0,17.0,95.0,72.0,1025.0,1021.0,1.0,5.0,18.8,23.6
2015-04-02,18.5,27.9,0.0,4.2,3.9,48.0,7.0,11.0,86.0,57.0,1018.9,1016.3,7.0,7.0,20.3,27.1
2015-04-03,17.9,19.0,0.6,6.4,0.0,48.0,13.0,13.0,91.0,89.0,1023.9,1022.9,8.0,8.0,18.1,18.5
2015-04-04,17.7,20.1,24.0,5.4,0.0,52.0,33.0,26.0,95.0,93.0,1020.3,1017.4,8.0,8.0,18.0,17.4
2015-04-05,15.5,25.9,21.4,2.2,9.7,31.0,13.0,19.0,76.0,54.0,1010.5,1005.7,4.0,4.0,19.9,25.6
2015-04-06,15.8,24.9,0.0,4.0,5.1,35.0,7.0,15.0,81.0,62.0,1008.0,1006.6,1.0,8.0,19.9,20.2
2015-04-07,15.1,23.0,0.4,3.2,9.8,70.0,15.0,22.0,67.0,42.0,1007.9,1007.2,6.0,2.0,20.0,21.2
2015-04-08,14.2,22.3,5.8,5.6,4.6,63.0,30.0,30.0,43.0,39.0,1010.7,1013.1,3.0,6.0,18.3,21.0
2015-04-09,15.3,22.2,0.2,6.6,6.1,54.0,13.0,31.0,49.0,42.0,1020.6,1020.2,3.0,3.0,18.6,21.2
2015-04-10,14.7,22.4,0.4,5.2,6.0,35.0,13.0,20.0,82.0,58.0,1024.8,1022.8,7.0,3.0,16.8,21.7
2015-04-11,15.6,22.7,7.8,1.8,4.6,22.0,13.0,13.0,94.0,69.0,1023.3,1019.6,7.0,5.0,17.5,20.4
2015-04-12,14.8,23.5,0.2,2.0,8.8,44.0,17.0,28.0,80.0,63.0,1018.7,1018.0,5.0,7.0,18.7,21.4
2015-04-13,14.8,22.2,0.0,4.0,10.2,35.0,13.0,19.0,65.0,50.0,1023.7,1021.3,3.0,3.0,19.1,22.2
2015-04-14,14.5,22.4,0.0,4.2,8.5,24.0,13.0,17.0,63.0,54.0,1023.9,1021.4,5.0,3.0,18.2,20.8
2015-04-15,15.0,24.2,0.0,5.0,8.7,46.0,15.0,19.0,72.0,66.0,1025.1,1021.6,7.0,2.0,18.6,23.2
2015-04-16,17.7,31.7,0.6,3.2,10.4,41.0,4.0,15.0,67.0,44.0,1022.4,1019.3,6.0,7.0,21.6,29.2
2015-04-17,19.9,23.7,1.6,4.0,0.0,20.0,17.0,13.0,86.0,89.0,1024.6,1021.3,7.0,8.0,21.0,21.0
2015-04-18,19.7,28.6,0.4,2.0,5.0,54.0,19.0,26.0,71.0,51.0,1017.8,1013.9,7.0,8.0,23.7,26.1
2015-04-19,18.0,22.5,2.4,6.6,6.6,61.0,22.0,35.0,50.0,69.0,1018.5,1019.6,6.0,7.0,19.4,20.0
2015-04-20,13.6,17.2,13.2,3.2,0.0,83.0,24.0,46.0,96.0,94.0,1023.6,1020.7,8.0,8.0,15.0,17.1
2015-04-21,14.5,17.7,119.4,,0.0,87.0,54.0,46.0,87.0,96.0,1019.6,1016.8,8.0,8.0,14.9,14.6
2015-04-22,14.1,17.9,105.8,,0.6,72.0,20.0,22.0,98.0,94.0,1013.4,1010.5,8.0,7.0,16.1,17.2
2015-04-23,14.3,23.8,29.0,,8.6,26.0,13.0,7.0,98.0,56.0,1012.3,1009.6,4.0,4.0,16.4,23.1
2015-04-24,15.0,25.1,0.0,2.2,8.5,19.0,11.0,13.0,89.0,59.0,1008.0,1004.4,4.0,4.0,17.3,23.9
2015-04-25,14.4,25.9,0.2,4.4,8.1,57.0,17.0,19.0,78.0,49.0,1008.8,1004.7,3.0,3.0,17.2,22.5
2015-04-26,12.7,17.1,13.0,4.0,1.3,48.0,19.0,19.0,81.0,81.0,1008.0,1010.4,6.0,6.0,13.8,16.2
2015-04-27,12.5,20.9,4.0,0.4,10.5,35.0,19.0,17.0,59.0,41.0,1018.9,1019.0,1.0,1.0,15.3,20.7
2015-04-28,10.3,20.9,0.2,5.6,10.4,39.0,20.0,22.0,63.0,50.0,1026.1,1024.5,1.0,1.0,14.0,20.1
2015-04-29,10.6,18.9,0.0,4.0,0.9,37.0,20.0,17.0,81.0,77.0,1030.6,1028.9,6.0,7.0,14.0,17.5
2015-04-30,14.0,20.9,10.2,3.8,3.0,33.0,17.0,17.0,92.0,65.0,1031.3,1028.4,8.0,6.0,16.0,20.4
2015-05-01,14.1,21.7,28.4,2.2,1.0,41.0,17.0,15.0,98.0,83.0,1028.2,1024.5,8.0,7.0,16.7,19.8
2015-05-02,16.6,23.0,8.6,2.6,2.3,52.0,20.0,17.0,79.0,95.0,1020.6,1016.5,7.0,7.0,21.7,19.0
2015-05-03,18.9,20.9,31.6,1.2,0.4,50.0,15.0,22.0,98.0,86.0,1014.8,1012.8,8.0,6.0,19.0,20.8
2015-05-04,17.3,21.8,0.4,1.8,0.3,28.0,17.0,7.0,83.0,66.0,1016.0,1013.2,7.0,6.0,18.3,21.6
2015-05-05,14.7,27.5,0.0,1.6,9.8,41.0,20.0,26.0,84.0,33.0,1008.3,1003.9,4.0,1.0,19.0,27.0
2015-05-06,13.4,21.0,0.2,6.4,10.0,46.0,28.0,26.0,41.0,29.0,1014.0,1012.5,0.0,0.0,15.3,20.4
2015-05-07,11.5,20.3,0.0,6.6,10.3,56.0,19.0,30.0,51.0,31.0,1018.2,1015.4,1.0,1.0,15.1,19.8
2015-05-08,11.1,21.0,0.0,5.2,10.3,35.0,22.0,11.0,51.0,31.0,1019.4,1016.1,1.0,0.0,13.8,20.5
2015-05-09,11.4,21.0,0.0,2.8,10.3,35.0,19.0,19.0,52.0,36.0,1017.1,1013.9,1.0,1.0,14.5,20.7
2015-05-10,11.3,21.2,0.0,4.8,7.8,52.0,20.0,26.0,49.0,33.0,1011.3,1006.0,1.0,5.0,15.4,20.8
2015-05-11,15.4,21.9,0.0,5.0,10.2,70.0,17.0,39.0,48.0,35.0,1010.2,1009.6,1.0,1.0,16.8,21.1
2015-05-12,12.2,22.5,0.0,6.6,10.3,52.0,11.0,30.0,56.0,34.0,1014.3,1010.2,0.0,1.0,16.2,21.9
2015-05-13,13.2,17.3,0.0,4.6,7.7,59.0,33.0,13.0,42.0,32.0,1015.3,1016.3,1.0,6.0,13.9,16.4
2015-05-14,7.9,19.3,2.2,4.0,10.1,46.0,28.0,20.0,49.0,34.0,1024.7,1024.2,1.0,2.0,11.3,18.4
2015-05-15,10.2,20.0,0.2,4.4,7.8,48.0,22.0,24.0,59.0,61.0,1031.4,1031.1,1.0,5.0,14.2,17.8
2015-05-16,13.0,20.8,0.8,2.8,9.3,41.0,19.0,20.0,87.0,50.0,1035.4,1033.7,3.0,3.0,15.1,19.6
2015-05-17,11.1,20.5,0.6,3.0,3.0,24.0,17.0,17.0,89.0,66.0,1035.5,1032.2,3.0,6.0,13.0,18.4
2015-05-18,11.5,19.3,0.0,2.0,0.5,20.0,15.0,2.0,91.0,84.0,1031.8,1027.3,7.0,8.0,13.8,18.2
2015-05-19,13.8,21.5,0.2,0.4,1.8,28.0,2.0,7.0,84.0,66.0,1020.6,1015.5,8.0,6.0,16.9,20.9
2015-05-20,16.2,25.4,0.4,1.4,5.8,31.0,17.0,19.0,79.0,58.0,1015.9,1013.4,7.0,7.0,17.4,21.6
2015-05-21,14.5,21.8,0.2,4.0,5.8,41.0,20.0,19.0,67.0,58.0,1018.6,1016.9,1.0,5.0,16.5,19.2
2015-05-22,13.0,17.7,11.2,3.4,1.4,72.0,31.0,30.0,94.0,56.0,1016.9,1020.4,8.0,6.0,15.2,16.9
2015-05-23,10.2,19.0,24.4,5.6,8.6,44.0,26.0,22.0,69.0,50.0,1029.1,1028.1,3.0,3.0,11.8,17.9
2015-05-24,8.3,20.3,0.2,2.8,8.1,35.0,19.0,6.0,87.0,44.0,1032.3,1030.7,3.0,2.0,10.1,18.9
2015-05-25,9.4,19.5,0.0,2.6,6.0,26.0,11.0,7.0,84.0,52.0,1032.2,1028.5,7.0,7.0,11.4,18.2
2015-05-26,8.5,19.0,0.0,2.0,5.9,30.0,24.0,9.0,77.0,55.0,1030.0,1026.6,3.0,7.0,10.4,17.9
2015-05-27,10.4,21.6,0.0,3.2,8.3,26.0,15.0,9.0,69.0,40.0,1025.4,1021.6,6.0,6.0,13.1,20.5
2015-05-28,11.7,21.0,0.0,1.4,7.6,24.0,11.0,4.0,82.0,60.0,1023.6,1020.2,1.0,5.0,13.6,20.3
2015-05-29,13.6,19.2,0.0,2.0,0.6,26.0,9.0,7.0,79.0,65.0,1020.6,1020.1,8.0,6.0,17.3,18.7
2015-05-30,11.1,18.3,0.2,2.4,1.1,28.0,11.0,9.0,84.0,52.0,1022.0,1017.8,7.0,7.0,13.1,17.0
2015-05-31,11.5,15.0,0.0,3.4,0.0,30.0,11.0,13.0,78.0,59.0,1016.5,1012.3,8.0,7.0,12.1,14.5
2015-06-01,10.1,15.9,0.0,0.4,8.6,63.0,28.0,26.0,47.0,25.0,1014.7,1016.7,5.0,2.0,13.4,14.8
2015-06-02,6.1,16.6,0.2,4.6,9.1,50.0,31.0,20.0,47.0,41.0,1023.8,1022.4,1.0,1.0,9.5,15.6
2015-06-03,6.1,18.4,0.0,3.2,8.8,35.0,22.0,11.0,64.0,56.0,1023.2,1020.7,1.0,6.0,8.8,15.6
2015-06-04,7.4,19.0,0.0,1.2,9.0,33.0,17.0,9.0,82.0,53.0,1022.0,1017.8,3.0,2.0,8.9,17.5
2015-06-05,8.9,17.7,0.0,4.0,6.9,33.0,19.0,7.0,69.0,42.0,1019.3,1019.3,7.0,1.0,10.2,16.8
2015-06-06,10.1,21.0,1.0,1.8,6.1,28.0,20.0,4.0,66.0,45.0,1028.3,1027.0,2.0,1.0,11.9,20.6
2015-06-07,9.3,22.6,0.0,2.2,9.5,24.0,17.0,15.0,89.0,43.0,1029.0,1024.1,1.0,5.0,10.8,21.3
2015-06-08,10.8,22.9,0.0,2.8,8.1,52.0,15.0,19.0,67.0,36.0,1024.5,1019.5,5.0,1.0,14.8,22.5
2015-06-09,13.6,22.6,0.0,4.0,6.5,30.0,13.0,19.0,57.0,29.0,1020.7,1019.5,6.0,5.0,17.1,21.9
2015-06-10,12.8,14.6,2.0,3.0,0.0,31.0,11.0,9.0,94.0,92.0,1031.1,1031.2,7.0,7.0,12.9,14.2
2015-06-11,11.7,16.1,6.6,0.6,0.2,24.0,9.0,4.0,83.0,69.0,1036.8,1034.4,7.0,7.0,13.3,15.9
2015-06-12,12.6,19.4,0.4,1.4,0.7,24.0,13.0,4.0,88.0,57.0,1034.6,1031.5,7.0,6.0,13.5,19.2
2015-06-13,13.1,19.7,0.0,2.4,4.5,33.0,17.0,11.0,85.0,46.0,1031.3,1027.1,7.0,7.0,13.8,19.0
2015-06-14,9.5,19.9,0.0,2.0,8.3,24.0,19.0,6.0,88.0,52.0,1028.5,1025.7,4.0,3.0,11.2,18.6
2015-06-15,10.9,16.9,0.2,4.0,0.6,39.0,13.0,9.0,85.0,79.0,1027.8,1025.2,7.0,7.0,12.9,16.4
2015-06-16,12.9,17.9,2.6,,0.3,24.0,9.0,7.0,85.0,94.0,1022.8,1018.3,7.0,7.0,16.5,15.8
2015-06-17,14.7,17.6,10.8,0.6,0.0,30.0,9.0,7.0,95.0,92.0,1012.5,1009.1,8.0,8.0,16.0,16.4
2015-06-18,11.4,17.4,2.2,1.0,0.8,39.0,17.0,13.0,80.0,84.0,1014.4,1013.6,7.0,7.0,13.5,15.8
2015-06-19,9.6,14.5,67.0,,2.5,,24.0,20.0,98.0,88.0,1017.2,1017.5,7.0,7.0,9.9,12.5
2015-06-20,8.3,16.6,7.2,2.2,8.6,,22.0,13.0,76.0,59.0,1024.1,1023.4,2.0,7.0,9.8,14.1
2015-06-21,8.5,14.1,1.2,2.2,0.0,33.0,20.0,11.0,90.0,88.0,1028.7,1027.6,7.0,7.0,9.1,13.7
2015-06-22,8.0,19.2,3.0,0.6,7.7,22.0,13.0,7.0,94.0,45.0,1029.6,1026.1,1.0,7.0,9.3,17.5
2015-06-23,8.0,20.3,0.0,2.0,8.1,26.0,13.0,9.0,85.0,47.0,1026.5,1023.3,1.0,4.0,10.2,18.7
2015-06-24,10.2,21.3,0.0,3.0,6.5,24.0,11.0,6.0,82.0,41.0,1023.2,1019.9,5.0,7.0,13.2,20.0
2015-06-25,12.7,19.4,0.0,2.4,4.2,37.0,19.0,20.0,77.0,74.0,1023.3,1023.5,6.0,7.0,15.2,17.6
2015-06-26,10.1,19.2,6.2,2.0,7.2,26.0,19.0,2.0,85.0,40.0,1032.9,1031.1,1.0,3.0,11.7,18.7
2015-06-27,8.3,19.4,0.0,1.8,9.7,26.0,15.0,11.0,87.0,44.0,1032.6,1029.2,0.0,1.0,9.7,19.0
2015-06-28,7.4,19.6,0.0,2.6,9.5,28.0,20.0,9.0,73.0,53.0,1032.9,1030.9,0.0,1.0,9.3,18.5
2015-06-29,9.3,19.5,0.0,1.0,5.1,22.0,19.0,9.0,84.0,54.0,1033.4,1030.0,7.0,6.0,11.0,17.8
2015-06-30,9.0,19.1,0.0,1.2,4.3,28.0,22.0,7.0,94.0,56.0,1029.4,1025.0,7.0,5.0,10.7,17.9
2015-07-01,10.7,17.5,1.0,0.6,8.7,33.0,19.0,9.0,85.0,37.0,1026.2,1022.6,5.0,1.0,12.0,17.4
2015-07-02,7.0,16.4,0.0,3.0,8.1,65.0,22.0,33.0,70.0,40.0,1020.0,1016.8,7.0,1.0,8.4,16.1
2015-07-03,6.2,16.2,0.0,4.0,9.3,44.0,26.0,15.0,55.0,46.0,1026.5,1024.6,1.0,1.0,8.1,15.9
2015-07-04,5.8,16.1,0.0,0.2,6.8,31.0,13.0,11.0,82.0,31.0,1022.7,1020.3,6.0,2.0,7.6,15.5
2015-07-05,6.0,18.6,0.0,1.6,9.3,30.0,20.0,4.0,66.0,35.0,1022.2,1018.0,1.0,1.0,7.7,16.6
2015-07-06,6.0,17.3,0.0,3.2,9.5,37.0,17.0,22.0,58.0,34.0,1016.3,1013.3,1.0,1.0,8.6,17.1
2015-07-07,7.8,14.7,0.0,3.2,2.7,43.0,24.0,11.0,58.0,85.0,1019.8,1021.7,5.0,8.0,11.2,11.8
2015-07-08,7.9,16.5,5.6,0.6,6.3,31.0,22.0,17.0,86.0,64.0,1028.7,1027.6,6.0,4.0,8.4,13.7
2015-07-09,6.6,17.6,0.0,2.0,9.6,24.0,19.0,7.0,92.0,46.0,1030.8,1026.9,1.0,1.0,8.3,16.4
2015-07-10,7.3,16.9,0.0,1.2,3.2,43.0,13.0,13.0,92.0,61.0,1022.6,1019.0,4.0,7.0,9.4,16.0
2015-07-11,6.6,19.9,0.8,1.4,9.3,61.0,20.0,17.0,100.0,48.0,1015.4,1009.4,0.0,1.0,7.2,19.2
2015-07-12,7.1,15.1,2.2,2.8,4.0,57.0,22.0,33.0,60.0,42.0,1003.6,1001.5,7.0,2.0,9.8,13.1
2015-07-13,8.1,16.9,4.8,4.8,5.5,76.0,15.0,39.0,96.0,41.0,1000.9,1002.9,7.0,1.0,8.6,16.5
2015-07-14,8.6,17.6,0.6,2.0,8.3,44.0,13.0,17.0,62.0,31.0,1011.5,1010.4,1.0,4.0,11.5,17.6
2015-07-15,6.2,16.8,0.2,3.4,9.6,24.0,9.0,13.0,62.0,42.0,1018.1,1016.1,1.0,3.0,8.7,14.9
2015-07-16,8.3,13.4,0.2,3.4,2.6,43.0,13.0,13.0,91.0,68.0,1016.8,1013.7,7.0,6.0,10.3,12.9
2015-07-17,6.2,14.3,17.2,0.0,1.7,57.0,26.0,26.0,95.0,51.0,1010.1,1012.9,8.0,7.0,6.7,13.5
2015-07-18,6.6,14.6,9.0,3.0,4.3,48.0,19.0,28.0,58.0,78.0,1025.6,1027.2,3.0,7.0,10.4,11.8
2015-07-19,7.8,16.7,0.6,2.0,9.0,33.0,17.0,17.0,84.0,55.0,1032.6,1031.1,3.0,2.0,10.3,15.8
2015-07-20,7.8,17.9,0.0,1.6,4.2,26.0,20.0,15.0,84.0,64.0,1034.6,1032.1,3.0,6.0,10.0,15.9
2015-07-21,8.2,19.3,3.0,0.8,9.9,33.0,17.0,15.0,93.0,54.0,1033.1,1029.3,1.0,1.0,9.9,18.3
2015-07-22,9.9,16.9,0.0,4.0,0.9,28.0,2.0,17.0,71.0,57.0,1027.4,1025.0,7.0,7.0,13.4,16.5
2015-07-23,11.2,19.1,1.8,0.8,2.2,28.0,24.0,9.0,96.0,70.0,1026.1,1023.4,8.0,7.0,12.0,16.4
2015-07-24,11.6,20.0,0.0,2.0,3.7,33.0,13.0,9.0,95.0,58.0,1020.0,1014.5,7.0,7.0,12.9,18.6
2015-07-25,10.8,20.8,0.0,2.6,10.1,31.0,11.0,15.0,50.0,29.0,1017.5,1015.8,1.0,1.0,14.3,20.5
2015-07-26,11.0,20.2,0.0,4.6,9.3,59.0,9.0,35.0,53.0,31.0,1017.0,1012.4,6.0,1.0,13.8,19.5
2015-07-27,7.3,15.7,0.0,5.0,10.1,63.0,20.0,26.0,41.0,28.0,1025.0,1024.5,1.0,1.0,10.2,15.2
2015-07-28,6.4,17.3,0.0,,9.6,,24.0,19.0,56.0,40.0,1032.9,1030.8,1.0,2.0,9.6,16.6
2015-07-29,8.1,18.4,0.0,,8.5,,20.0,11.0,70.0,50.0,1035.0,1030.2,3.0,1.0,9.3,16.4
2015-07-30,8.2,20.5,0.0,1.0,7.6,,11.0,10.0,80.0,30.0,1026.3,1020.1,5.0,5.0,10.7,19.2
2015-07-31,10.7,21.0,0.0,4.8,9.5,,6.0,9.0,49.0,31.0,1021.4,1019.5,2.0,1.0,14.7,20.4
2015-08-01,9.4,22.3,0.0,3.4,9.2,61.0,15.0,28.0,54.0,28.0,1018.6,1015.6,6.0,6.0,14.3,20.7
2015-08-02,14.3,24.7,0.0,5.4,7.8,43.0,9.0,20.0,51.0,30.0,1015.1,1010.4,5.0,5.0,16.9,23.8
2015-08-03,8.4,19.4,0.0,5.4,10.1,57.0,20.0,17.0,48.0,29.0,1015.2,1013.7,1.0,1.0,11.7,19.0
2015-08-04,8.3,15.1,0.0,3.8,4.6,33.0,19.0,2.0,57.0,42.0,1023.0,1018.9,7.0,4.0,8.9,14.4
2015-08-05,5.0,14.2,0.0,0.6,4.8,48.0,20.0,19.0,46.0,46.0,1014.5,1010.3,6.0,6.0,9.4,13.0
2015-08-06,6.8,16.4,0.0,3.8,8.5,37.0,22.0,11.0,53.0,39.0,1016.5,1016.7,3.0,7.0,9.5,14.3
2015-08-07,6.7,18.5,0.0,2.8,10.1,33.0,26.0,17.0,60.0,40.0,1024.0,1021.0,1.0,2.0,10.0,16.1
2015-08-08,7.9,17.5,0.0,2.6,8.9,33.0,19.0,24.0,63.0,44.0,1024.7,1022.5,5.0,1.0,11.0,16.3
2015-08-09,6.2,17.6,0.0,1.8,9.5,30.0,20.0,13.0,68.0,56.0,1024.8,1019.6,1.0,1.0,9.1,16.3
2015-08-10,8.6,20.6,0.0,2.6,10.2,33.0,13.0,20.0,66.0,41.0,1017.7,1012.9,1.0,1.0,11.8,18.8
2015-08-11,9.8,21.0,0.0,5.0,10.5,30.0,17.0,9.0,52.0,27.0,1014.6,1011.1,1.0,1.0,13.3,20.4
2015-08-12,8.4,17.5,0.0,3.8,8.7,74.0,19.0,28.0,54.0,37.0,1007.9,1004.0,1.0,1.0,11.1,16.2
2015-08-13,9.4,19.8,0.0,4.8,10.5,48.0,28.0,17.0,50.0,23.0,1014.9,1014.7,1.0,1.0,12.3,19.3
2015-08-14,7.9,20.4,0.0,4.0,10.5,30.0,15.0,19.0,55.0,38.0,1025.1,1023.4,1.0,1.0,11.8,18.0
2015-08-15,8.2,18.1,0.0,3.0,7.3,30.0,20.0,19.0,63.0,61.0,1030.5,1028.8,3.0,5.0,12.4,17.0
2015-08-16,10.5,19.8,0.0,3.0,9.2,28.0,13.0,15.0,70.0,63.0,1027.4,1021.4,5.0,4.0,14.0,17.4
2015-08-17,9.3,20.5,5.6,2.8,10.4,46.0,13.0,13.0,53.0,29.0,1017.1,1013.3,3.0,1.0,13.4,20.4
2015-08-18,10.9,16.2,0.0,4.4,10.4,39.0,20.0,19.0,40.0,46.0,1020.8,1021.0,1.0,2.0,12.6,14.7
2015-08-19,9.0,17.0,0.0,3.6,6.6,24.0,17.0,13.0,58.0,54.0,1027.2,1025.0,3.0,6.0,12.5,16.4
2015-08-20,8.2,18.9,0.0,2.6,9.8,31.0,11.0,20.0,71.0,59.0,1028.3,1025.0,1.0,1.0,12.1,18.7
2015-08-21,9.4,21.0,0.0,3.8,9.4,31.0,13.0,15.0,73.0,63.0,1025.8,1021.2,0.0,7.0,13.0,19.8
2015-08-22,12.9,28.3,0.0,4.2,9.4,33.0,19.0,11.0,45.0,32.0,1021.0,1016.2,2.0,5.0,19.8,26.9
2015-08-23,15.4,18.5,2.4,6.4,0.2,22.0,7.0,7.0,85.0,73.0,1021.8,1018.4,7.0,7.0,15.6,17.9
2015-08-24,15.1,17.4,4.2,1.8,0.6,59.0,17.0,9.0,90.0,95.0,1018.4,1015.0,8.0,7.0,16.3,16.4
2015-08-25,12.5,19.9,54.4,5.0,4.4,56.0,22.0,20.0,66.0,53.0,1013.4,1012.8,7.0,7.0,16.1,18.7
2015-08-26,12.3,20.2,5.2,2.8,6.3,28.0,13.0,13.0,80.0,59.0,1018.1,1017.8,7.0,7.0,16.3,18.9
2015-08-27,11.6,20.5,0.0,3.0,4.3,52.0,9.0,17.0,87.0,44.0,1019.7,1015.1,7.0,6.0,15.1,20.1
2015-08-28,10.6,20.8,0.0,2.8,9.2,48.0,22.0,20.0,48.0,43.0,1019.8,1018.9,3.0,5.0,14.6,18.5
2015-08-29,9.0,20.3,0.0,4.2,10.8,30.0,13.0,15.0,60.0,31.0,1022.7,1017.9,1.0,2.0,13.0,20.1
2015-08-30,8.3,18.7,0.0,3.6,10.8,39.0,20.0,22.0,52.0,44.0,1020.3,1017.5,1.0,3.0,12.1,18.1
2015-08-31,9.6,19.7,0.0,4.8,10.9,35.0,15.0,22.0,48.0,39.0,1017.3,1013.8,1.0,2.0,13.9,18.4
2015-09-01,9.0,19.7,0.0,3.2,10.8,31.0,17.0,13.0,50.0,39.0,1015.8,1013.3,1.0,1.0,12.7,17.0
2015-09-02,8.0,18.8,0.0,4.0,10.4,31.0,11.0,19.0,61.0,46.0,1018.0,1012.0,5.0,1.0,11.9,18.6
2015-09-03,11.2,20.8,2.8,5.6,8.0,52.0,20.0,24.0,69.0,28.0,1006.0,1005.6,3.0,6.0,14.4,20.6
2015-09-04,12.5,19.5,20.4,4.0,5.7,48.0,19.0,20.0,92.0,54.0,1021.5,1020.5,7.0,2.0,13.7,18.3
2015-09-05,11.5,21.7,0.0,2.8,9.3,37.0,17.0,24.0,68.0,53.0,1022.3,1019.6,1.0,5.0,15.2,18.7
2015-09-06,12.7,17.5,0.4,5.4,1.0,24.0,11.0,6.0,84.0,68.0,1024.9,1021.9,7.0,7.0,14.6,16.0
2015-09-07,11.1,24.9,0.2,0.6,9.3,54.0,9.0,15.0,62.0,32.0,1018.3,1013.3,2.0,4.0,17.4,22.7
2015-09-08,10.0,20.0,0.0,6.8,11.0,52.0,30.0,24.0,42.0,32.0,1018.8,1015.7,1.0,2.0,13.3,19.7
2015-09-09,9.8,20.2,0.0,5.0,10.9,,20.0,17.0,48.0,39.0,1023.1,1022.0,1.0,1.0,15.4,18.9
2015-09-10,11.3,19.6,0.0,4.8,6.5,37.0,13.0,15.0,59.0,41.0,1030.9,1029.8,1.0,7.0,15.5,18.9
2015-09-11,14.0,21.3,0.0,4.0,9.1,39.0,11.0,24.0,56.0,44.0,1032.1,1027.6,1.0,0.0,17.6,20.5
2015-09-12,10.9,25.4,0.0,7.4,10.4,24.0,11.0,19.0,61.0,51.0,1028.5,1024.7,1.0,5.0,17.2,21.3
2015-09-13,12.4,22.3,0.0,3.8,10.6,30.0,11.0,20.0,61.0,60.0,1028.5,1025.0,1.0,1.0,18.3,21.4
2015-09-14,15.3,23.6,0.0,5.0,10.7,43.0,17.0,24.0,58.0,59.0,1025.9,1020.5,1.0,1.0,20.7,21.4
2015-09-15,15.8,29.8,0.0,6.4,11.0,,9.0,35.0,33.0,25.0,1015.4,1009.0,1.0,3.0,23.5,29.2
2015-09-16,12.4,21.1,0.0,10.2,10.2,37.0,19.0,26.0,42.0,60.0,1017.7,1015.0,2.0,3.0,17.2,19.3
2015-09-17,12.2,19.9,0.0,4.2,8.2,43.0,9.0,28.0,53.0,57.0,1018.4,1018.3,3.0,7.0,18.0,17.7
2015-09-18,13.6,20.0,2.2,6.4,7.7,52.0,20.0,26.0,65.0,44.0,1026.2,1025.5,5.0,2.0,15.8,18.9
2015-09-19,12.5,19.5,10.8,5.4,7.3,33.0,17.0,24.0,88.0,54.0,1026.5,1023.9,7.0,6.0,14.7,18.1
2015-09-20,12.5,18.6,0.4,4.0,3.4,37.0,11.0,13.0,62.0,72.0,1024.5,1021.7,5.0,7.0,16.6,17.4
2015-09-21,12.4,22.5,0.2,1.6,10.4,35.0,15.0,15.0,74.0,60.0,1019.9,1015.2,1.0,2.0,16.3,21.3
2015-09-22,14.6,19.5,0.2,6.2,9.2,59.0,24.0,37.0,36.0,47.0,1016.8,1017.5,3.0,2.0,18.7,17.8
2015-09-23,10.0,16.2,0.2,8.8,6.5,69.0,31.0,35.0,55.0,74.0,1025.5,1025.4,3.0,7.0,13.3,11.7
2015-09-24,8.3,16.3,3.2,4.0,6.1,65.0,22.0,28.0,63.0,62.0,1025.6,1024.6,7.0,7.0,13.0,13.6
2015-09-25,10.1,16.4,31.8,2.8,4.3,54.0,13.0,26.0,91.0,63.0,1029.3,1027.8,7.0,7.0,13.4,15.9
2015-09-26,11.1,20.1,3.4,4.4,7.7,43.0,22.0,24.0,86.0,48.0,1028.5,1025.4,6.0,3.0,14.4,18.4
2015-09-27,12.3,19.2,3.6,3.8,6.2,46.0,20.0,20.0,70.0,51.0,1023.7,1021.1,7.0,7.0,15.3,18.3
2015-09-28,10.9,20.8,0.2,4.2,11.0,28.0,15.0,17.0,56.0,49.0,1021.1,1017.8,1.0,1.0,17.3,19.1
2015-09-29,11.9,23.4,0.0,5.8,3.4,50.0,15.0,17.0,58.0,55.0,1019.5,1015.8,0.0,1.0,19.1,21.7
2015-09-30,16.7,21.4,0.0,5.6,6.4,33.0,17.0,20.0,57.0,62.0,1022.1,1021.4,7.0,7.0,21.0,18.7
2015-10-01,16.8,22.9,0.0,5.6,9.6,33.0,6.0,24.0,68.0,65.0,1026.4,1022.8,4.0,1.0,19.9,21.7
2015-10-02,16.5,23.0,0.0,4.8,10.5,33.0,4.0,24.0,57.0,57.0,1033.4,1031.8,1.0,1.0,21.3,21.1
2015-10-03,14.2,27.5,0.0,7.2,11.1,22.0,13.0,11.0,62.0,47.0,1030.6,1024.7,0.0,1.0,21.5,27.3
2015-10-04,19.8,33.8,0.0,8.0,8.2,46.0,4.0,28.0,28.0,13.0,1023.4,1021.8,7.0,7.0,26.4,32.6
2015-10-05,16.1,37.0,0.0,11.0,11.4,20.0,11.0,11.0,42.0,16.0,1024.0,1021.1,1.0,7.0,21.1,35.6
2015-10-06,20.3,32.3,0.0,8.6,11.4,43.0,15.0,17.0,37.0,26.0,1023.2,1019.7,1.0,1.0,23.8,30.6
2015-10-07,19.7,21.5,0.0,13.2,1.3,67.0,39.0,26.0,61.0,56.0,1029.6,1033.6,5.0,7.0,20.3,19.0
2015-10-08,17.0,21.1,0.0,6.6,2.2,35.0,13.0,20.0,53.0,57.0,1038.8,1036.0,7.0,7.0,18.5,19.9
2015-10-09,16.8,22.7,0.0,5.4,8.7,43.0,15.0,24.0,51.0,51.0,1034.4,1029.7,7.0,5.0,20.1,22.0
2015-10-10,15.7,24.3,0.0,6.8,9.5,24.0,2.0,17.0,62.0,60.0,1028.9,1025.8,1.0,4.0,21.2,22.3
2015-10-11,15.0,24.3,0.0,5.6,6.4,41.0,9.0,11.0,77.0,65.0,1022.7,1018.6,6.0,7.0,18.7,21.4
2015-10-12,16.5,29.5,3.6,5.0,9.6,43.0,11.0,19.0,50.0,55.0,1016.7,1012.4,1.0,6.0,22.7,23.4
2015-10-13,17.5,20.4,1.6,7.8,0.8,37.0,20.0,20.0,82.0,77.0,1022.3,1022.3,4.0,8.0,18.3,19.8
2015-10-14,16.9,23.3,3.4,1.4,8.3,37.0,6.0,20.0,75.0,60.0,1026.8,1025.2,7.0,1.0,20.1,22.7
2015-10-15,16.3,24.0,0.0,7.0,12.0,44.0,13.0,30.0,65.0,63.0,1026.2,1022.0,1.0,0.0,21.6,23.1
2015-10-16,17.3,27.5,0.0,6.8,11.9,43.0,6.0,20.0,60.0,52.0,1021.7,1018.7,0.0,1.0,23.3,27.3
2015-10-17,19.1,26.0,0.0,9.8,9.7,31.0,17.0,15.0,66.0,64.0,1023.1,1021.4,1.0,4.0,21.5,23.0
2015-10-18,18.8,23.2,1.4,7.2,3.8,35.0,17.0,15.0,69.0,56.0,1029.2,1027.9,8.0,7.0,19.5,22.1
2015-10-19,19.4,24.6,0.2,4.2,8.2,39.0,11.0,24.0,81.0,54.0,1026.6,1022.4,7.0,4.0,21.8,24.4
2015-10-20,18.7,26.8,0.4,6.8,7.7,35.0,6.0,15.0,60.0,55.0,1020.6,1016.3,2.0,2.0,23.7,26.0
2015-10-21,19.7,27.9,1.0,7.6,3.4,31.0,2.0,9.0,58.0,43.0,1013.8,1011.5,4.0,7.0,24.5,26.3
2015-10-22,18.6,20.5,8.4,5.0,0.7,61.0,11.0,31.0,89.0,74.0,1011.4,1010.3,7.0,7.0,19.6,20.1
2015-10-23,14.5,21.4,14.8,2.8,3.4,41.0,19.0,17.0,70.0,55.0,1022.1,1021.6,7.0,7.0,16.6,19.4
2015-10-24,12.9,22.3,0.2,4.6,12.0,39.0,13.0,26.0,62.0,54.0,1024.4,1020.9,5.0,1.0,17.8,20.7
2015-10-25,15.2,24.9,0.0,7.4,10.2,43.0,7.0,19.0,62.0,59.0,1022.1,1017.8,2.0,3.0,21.1,22.3
2015-10-26,17.5,29.4,0.0,7.0,5.2,69.0,9.0,13.0,54.0,53.0,1014.4,1015.1,3.0,7.0,24.6,22.2
2015-10-27,15.5,19.6,7.6,7.8,2.0,54.0,19.0,30.0,65.0,47.0,1025.8,1025.8,8.0,7.0,16.5,19.3
2015-10-28,13.4,21.2,0.4,3.8,8.2,31.0,9.0,20.0,70.0,45.0,1025.3,1022.5,7.0,5.0,16.4,20.6
2015-10-29,15.7,23.0,0.0,5.4,11.4,31.0,7.0,22.0,55.0,40.0,1023.6,1022.1,5.0,1.0,18.2,21.9
2015-10-30,14.1,23.1,0.0,8.0,9.3,39.0,7.0,24.0,59.0,48.0,1023.8,1020.8,1.0,7.0,19.0,21.8
2015-10-31,17.1,24.2,0.0,8.0,5.7,48.0,19.0,28.0,59.0,61.0,1021.8,1018.6,7.0,8.0,22.2,22.5
2015-11-01,17.5,26.8,0.0,7.8,9.0,44.0,15.0,17.0,67.0,59.0,1015.2,1010.6,1.0,3.0,21.9,25.4
2015-11-02,18.2,30.7,26.0,6.6,9.1,46.0,13.0,15.0,75.0,53.0,1011.2,1009.0,5.0,5.0,21.6,26.4
2015-11-03,18.6,20.0,1.4,6.8,0.0,35.0,19.0,17.0,91.0,89.0,1017.0,1016.5,8.0,8.0,19.0,19.2
2015-11-04,17.1,19.6,3.8,1.4,0.0,56.0,24.0,31.0,91.0,83.0,1017.6,1016.3,8.0,8.0,19.5,19.4
2015-11-05,16.0,23.4,13.0,0.0,0.7,50.0,30.0,26.0,94.0,80.0,1014.8,1010.5,8.0,8.0,18.2,20.5
2015-11-06,18.2,28.3,11.6,3.2,5.2,33.0,9.0,13.0,77.0,87.0,1007.7,1006.3,4.0,7.0,23.3,20.5
2015-11-07,18.4,24.6,10.0,5.6,5.3,46.0,9.0,28.0,69.0,69.0,1012.3,1012.3,3.0,7.0,22.5,21.8
2015-11-08,16.2,21.7,0.4,7.2,4.6,46.0,17.0,26.0,67.0,65.0,1020.7,1020.0,7.0,6.0,18.0,20.4
2015-11-09,13.7,23.3,0.0,6.4,12.3,30.0,11.0,17.0,59.0,48.0,1021.3,1017.5,5.0,1.0,19.5,21.8
2015-11-10,15.2,25.6,0.0,6.0,11.3,30.0,2.0,19.0,61.0,45.0,1016.0,1013.5,3.0,7.0,20.6,24.8
2015-11-11,18.9,23.9,0.0,8.6,0.0,31.0,13.0,11.0,82.0,66.0,1020.3,1020.3,7.0,7.0,20.0,22.1
2015-11-12,18.3,25.5,2.4,,4.2,43.0,17.0,17.0,53.0,69.0,1020.4,1018.0,7.0,8.0,23.5,22.2
2015-11-13,18.0,28.8,0.4,8.4,7.4,48.0,7.0,6.0,63.0,60.0,1013.1,1009.8,1.0,7.0,22.7,23.3
2015-11-14,17.7,20.1,18.2,9.0,0.0,33.0,15.0,19.0,81.0,70.0,1014.4,1013.4,8.0,8.0,18.7,18.9
2015-11-15,14.9,20.9,29.6,2.2,0.8,46.0,24.0,19.0,64.0,70.0,1017.7,1017.4,7.0,7.0,18.2,18.5
2015-11-16,14.3,22.6,5.0,4.4,13.0,31.0,17.0,20.0,56.0,43.0,1020.0,1018.0,5.0,1.0,19.1,21.7
2015-11-17,14.4,25.1,0.0,8.0,12.6,44.0,6.0,22.0,55.0,46.0,1019.1,1016.0,0.0,2.0,20.2,23.7
2015-11-18,17.4,36.5,0.0,11.0,13.0,57.0,11.0,22.0,45.0,17.0,1013.6,1009.7,5.0,1.0,25.1,35.6
2015-11-19,18.8,31.2,0.0,10.4,12.5,28.0,9.0,17.0,62.0,54.0,1015.0,1011.7,1.0,4.0,23.1,28.6
2015-11-20,21.4,40.9,0.0,8.8,12.4,54.0,2.0,28.0,63.0,13.0,1012.5,1006.3,1.0,1.0,25.2,40.7
2015-11-21,20.3,22.1,0.0,14.6,0.3,54.0,13.0,24.0,65.0,56.0,1015.6,1017.3,7.0,7.0,20.8,20.7
2015-11-22,19.0,22.4,0.0,6.2,2.7,33.0,17.0,17.0,59.0,58.0,1019.7,1016.7,7.0,8.0,19.8,20.8
2015-11-23,17.1,26.5,0.0,3.8,11.5,52.0,11.0,30.0,60.0,52.0,1011.9,1010.8,1.0,2.0,22.4,25.4
2015-11-24,18.7,25.2,0.0,8.0,11.4,52.0,13.0,28.0,57.0,55.0,1017.4,1014.1,4.0,1.0,23.6,23.0
2015-11-25,17.3,32.7,0.0,9.0,10.5,50.0,9.0,24.0,62.0,44.0,1013.1,1007.4,1.0,0.0,22.4,28.7
2015-11-26,22.4,37.8,0.0,12.6,9.6,74.0,28.0,35.0,31.0,14.0,999.8,1000.0,1.0,2.0,32.4,36.0
2015-11-27,16.5,22.6,0.6,14.6,7.1,37.0,4.0,22.0,54.0,60.0,1016.1,1013.8,7.0,4.0,21.1,21.6
2015-11-28,19.1,23.8,0.0,7.4,0.3,37.0,20.0,17.0,69.0,55.0,1016.7,1016.0,8.0,8.0,21.5,22.5
2015-11-29,19.9,26.0,0.0,6.4,7.1,43.0,17.0,22.0,80.0,65.0,1013.7,1009.7,7.0,2.0,21.1,25.1
2015-11-30,18.2,26.3,0.2,7.4,11.1,48.0,7.0,22.0,65.0,65.0,1012.4,1008.7,4.0,1.0,21.1,23.8
2015-12-01,19.0,33.3,0.0,8.0,10.4,63.0,9.0,31.0,58.0,34.0,1010.3,1006.7,1.0,5.0,26.3,32.0
2015-12-02,19.2,22.8,0.0,14.2,5.3,61.0,22.0,35.0,66.0,59.0,1015.1,1017.0,7.0,7.0,21.0,19.4
2015-12-03,17.1,21.7,0.0,9.2,8.1,31.0,11.0,20.0,52.0,49.0,1027.1,1026.0,7.0,5.0,19.4,20.3
2015-12-04,14.6,23.6,0.0,6.4,9.3,28.0,6.0,19.0,53.0,44.0,1026.3,1024.1,4.0,3.0,20.3,22.8
2015-12-05,15.5,24.9,0.0,8.0,11.0,39.0,7.0,20.0,56.0,52.0,1022.6,1018.9,1.0,1.0,21.0,24.1
2015-12-06,16.6,25.8,0.0,9.0,12.7,35.0,7.0,24.0,58.0,46.0,1020.5,1017.8,3.0,5.0,23.0,24.9
2015-12-07,18.8,25.5,0.0,9.2,7.9,39.0,9.0,22.0,61.0,57.0,1021.4,1019.9,7.0,7.0,23.2,24.1
2015-12-08,20.9,25.0,0.0,7.6,0.3,43.0,11.0,17.0,68.0,64.0,1018.6,1015.8,7.0,7.0,22.7,24.4
2015-12-09,21.3,33.3,0.8,4.6,8.6,61.0,7.0,17.0,70.0,58.0,1014.2,1012.1,5.0,3.0,24.6,27.5
2015-12-10,20.2,25.5,15.2,10.0,6.4,44.0,7.0,19.0,80.0,63.0,1015.9,1011.7,7.0,3.0,21.3,25.0
2015-12-11,21.2,35.3,0.2,6.4,8.8,59.0,17.0,30.0,66.0,13.0,1005.8,1001.1,3.0,7.0,24.4,34.7
2015-12-12,18.4,22.6,0.0,12.2,5.8,39.0,15.0,28.0,57.0,50.0,1014.7,1015.1,3.0,4.0,20.8,21.4
2015-12-13,18.2,24.4,0.0,7.6,6.5,48.0,19.0,30.0,58.0,56.0,1019.3,1016.1,5.0,7.0,21.4,23.2
2015-12-14,18.3,29.6,0.0,8.0,13.1,28.0,9.0,19.0,63.0,59.0,1015.4,1013.4,3.0,3.0,23.4,25.5
2015-12-15,20.6,26.9,0.0,10.0,5.7,43.0,11.0,22.0,72.0,65.0,1015.3,1012.5,6.0,8.0,23.1,25.0
2015-12-16,21.1,23.4,0.6,5.4,1.8,80.0,22.0,13.0,87.0,82.0,1014.8,1016.7,7.0,8.0,22.9,18.2
2015-12-17,16.6,26.1,9.8,,12.0,37.0,9.0,24.0,70.0,60.0,1018.5,1016.9,4.0,1.0,21.6,24.6
2015-12-18,19.0,27.5,0.0,13.6,12.3,46.0,15.0,30.0,58.0,53.0,1016.8,1014.0,0.0,1.0,24.5,27.1
2015-12-19,20.3,29.0,0.0,9.4,13.2,52.0,9.0,20.0,59.0,53.0,1014.6,1012.8,1.0,1.0,26.3,27.5
2015-12-20,19.9,30.3,0.0,13.0,8.399999999999999,56.0,11.0,31.0,61.0,52.0,1013.4,1008.7,1.0,1.0,24.6,28.5
2015-12-21,23.6,29.1,0.0,14.0,3.6,50.0,7.0,22.0,56.0,79.0,1014.8,1017.2,6.0,8.0,27.1,21.5
2015-12-22,17.7,21.8,29.8,4.4,0.0,44.0,19.0,2.0,89.0,90.0,1023.2,1021.5,8.0,8.0,17.8,17.7
2015-12-23,17.3,23.0,34.0,3.6,4.5,31.0,13.0,22.0,65.0,59.0,1019.4,1017.7,7.0,7.0,21.8,22.0
2015-12-24,16.9,24.6,1.0,5.0,9.5,37.0,20.0,20.0,60.0,52.0,1019.9,1018.7,4.0,2.0,21.6,23.9
2015-12-25,17.5,25.2,0.0,7.0,9.6,35.0,4.0,20.0,55.0,48.0,1018.7,1015.4,5.0,4.0,21.8,24.5
2015-12-26,18.8,26.1,0.6,7.4,6.1,39.0,17.0,17.0,74.0,77.0,1009.7,1006.0,5.0,7.0,22.7,23.4
2015-12-27,17.1,23.0,1.8,8.8,5.7,59.0,22.0,28.0,74.0,47.0,1016.7,1018.4,8.0,1.0,17.1,22.3
2015-12-28,15.3,22.6,2.6,5.8,4.8,44.0,20.0,24.0,78.0,50.0,1023.7,1023.0,7.0,7.0,16.7,21.6
2015-12-29,15.4,24.9,0.2,7.4,12.5,35.0,20.0,22.0,51.0,38.0,1022.4,1020.7,6.0,1.0,21.2,24.1
2015-12-30,15.0,25.6,0.0,7.4,13.1,26.0,6.0,19.0,60.0,50.0,1019.9,1018.7,0.0,1.0,20.2,23.7
2015-12-31,17.4,26.7,0.0,8.0,12.7,,9.0,24.0,62.0,52.0,1019.4,1016.8,1.0,5.0,21.3,24.2
2016-01-01,17.9,25.6,0.0,11.0,12.3,35.0,2.0,28.0,57.0,52.0,1016.4,1013.7,6.0,4.0,22.9,24.2
2016-01-02,18.0,25.4,0.0,6.8,3.3,28.0,0.0,19.0,60.0,51.0,1013.4,1012.3,7.0,7.0,22.3,23.5
2016-01-03,20.2,24.6,0.0,8.0,0.0,44.0,20.0,22.0,63.0,84.0,1015.2,1014.7,8.0,8.0,22.2,19.9
2016-01-04,18.6,23.6,15.0,6.4,0.7,46.0,6.0,7.0,86.0,89.0,1016.8,1016.3,8.0,8.0,18.8,19.1
2016-01-05,17.8,20.3,34.2,0.0,0.0,54.0,26.0,26.0,87.0,87.0,1016.5,1014.6,8.0,8.0,19.1,19.5
2016-01-06,17.4,18.6,51.4,8.0,0.0,48.0,19.0,20.0,92.0,91.0,1012.3,1011.6,8.0,8.0,18.2,17.9
2016-01-07,16.5,24.4,41.4,2.0,7.6,,22.0,24.0,91.0,66.0,1014.0,1015.8,7.0,7.0,18.1,21.0
2016-01-08,15.5,25.4,0.4,6.6,12.1,,4.0,19.0,58.0,53.0,1020.1,1019.0,6.0,1.0,20.6,24.1
2016-01-09,18.5,25.5,0.0,7.0,8.6,31.0,2.0,22.0,71.0,52.0,1021.9,1018.8,5.0,6.0,21.2,24.5
2016-01-10,18.5,27.1,0.0,8.0,12.2,41.0,9.0,26.0,67.0,53.0,1020.4,1017.5,3.0,1.0,22.9,26.2
2016-01-11,20.5,31.6,0.0,9.0,12.1,28.0,7.0,15.0,69.0,52.0,1013.3,1009.1,1.0,1.0,24.5,31.1
2016-01-12,23.5,34.0,0.0,10.6,4.4,52.0,2.0,24.0,56.0,70.0,1010.4,1012.1,6.0,7.0,26.5,25.9
2016-01-13,21.3,31.0,0.0,6.0,11.0,37.0,4.0,28.0,69.0,59.0,1019.7,1016.2,3.0,1.0,23.2,26.7
2016-01-14,22.7,39.2,0.0,8.4,6.85,74.0,6.0,15.0,50.0,43.0,1011.7,1008.1,1.0,7.0,30.8,32.4
2016-01-15,14.3,21.7,34.0,12.2,2.7,54.0,19.0,22.0,92.0,71.0,1024.4,1024.0,8.0,7.0,14.5,19.4
2016-01-16,14.3,23.8,5.4,6.0,7.2,43.0,20.0,20.0,66.0,45.0,1026.9,1026.1,7.0,5.0,19.7,22.8
2016-01-17,16.0,26.1,0.0,5.6,11.8,33.0,13.0,22.0,71.0,49.0,1025.1,1022.6,6.0,4.0,20.4,25.1
2016-01-18,16.7,27.0,0.0,7.0,13.5,35.0,6.0,20.0,64.0,55.0,1020.6,1017.7,2.0,2.0,22.1,25.1
2016-01-19,19.2,30.2,0.0,8.0,13.0,41.0,6.0,13.0,60.0,54.0,1017.4,1013.3,3.0,3.0,24.2,29.2
2016-01-20,21.9,37.5,0.0,11.8,10.0,39.0,4.0,9.0,39.0,39.0,1012.6,1009.8,1.0,6.0,27.9,32.1
2016-01-21,23.6,33.5,0.0,11.6,6.9,61.0,4.0,20.0,66.0,48.0,1010.5,1007.4,5.0,4.0,26.2,32.3
2016-01-22,22.8,29.2,30.6,10.4,1.4,30.0,7.0,13.0,85.0,76.0,1011.0,1006.4,7.0,7.0,24.9,25.7
2016-01-23,22.3,26.0,13.0,3.4,9.5,,17.0,33.0,60.0,59.0,1006.7,1008.6,3.0,6.0,25.6,25.5
2016-01-24,20.8,25.0,0.0,6.6,0.6,31.0,11.0,15.0,73.0,62.0,1013.4,1012.1,8.0,7.0,21.9,24.1
2016-01-25,21.6,25.2,0.0,4.6,0.0,,13.0,13.0,73.0,64.0,1014.5,1013.3,8.0,8.0,23.2,24.7
2016-01-26,21.6,27.8,0.0,2.4,8.7,,11.0,19.0,73.0,54.0,1017.7,1017.3,8.0,4.0,22.9,26.4
2016-01-27,20.8,24.9,2.2,9.8,0.5,48.0,17.0,15.0,66.0,63.0,1016.2,1014.0,6.0,8.0,24.0,24.3
2016-01-28,21.4,27.6,0.4,5.6,6.7,39.0,17.0,15.0,74.0,64.0,1008.2,1004.7,7.0,7.0,23.5,27.2
2016-01-29,22.4,28.1,0.0,5.0,8.2,65.0,11.0,6.0,72.0,86.0,1003.3,1001.9,3.0,7.0,26.3,23.2
2016-01-30,19.5,28.7,9.0,3.0,3.0,70.0,17.0,17.0,84.0,62.0,1004.9,1002.7,8.0,7.0,22.4,28.1
2016-01-31,19.7,31.1,12.8,5.8,10.0,48.0,15.0,26.0,83.0,26.0,1004.4,1003.3,1.0,5.0,22.6,31.0
2016-02-01,21.8,26.5,0.2,8.0,7.4,43.0,2.0,15.0,42.0,52.0,1004.2,1001.1,5.0,4.0,26.0,25.5
2016-02-02,17.0,27.9,2.0,5.0,12.9,33.0,17.0,24.0,62.0,45.0,1006.3,1004.0,2.0,3.0,20.9,26.6
2016-02-03,19.3,28.3,0.0,7.6,10.7,43.0,4.0,26.0,67.0,59.0,1003.6,1002.2,5.0,4.0,23.4,27.7
2016-02-04,19.1,24.8,10.8,7.6,0.8,59.0,24.0,33.0,87.0,55.0,1012.0,1012.8,8.0,7.0,19.7,23.5
2016-02-05,19.6,26.1,3.6,9.6,6.8,56.0,31.0,39.0,59.0,56.0,1017.4,1017.6,6.0,5.0,22.0,23.9
2016-02-06,19.9,27.0,1.8,8.8,8.1,37.0,20.0,20.0,75.0,49.0,1018.0,1016.9,7.0,3.0,22.8,26.4
2016-02-07,19.1,27.4,0.0,7.2,10.1,30.0,9.0,17.0,76.0,54.0,1018.0,1016.6,5.0,3.0,22.5,25.7
2016-02-08,19.0,28.0,0.0,4.6,12.6,24.0,11.0,17.0,68.0,54.0,1019.1,1017.9,2.0,1.0,23.0,27.0
2016-02-09,21.0,27.7,0.0,9.8,10.3,39.0,26.0,19.0,70.0,47.0,1020.7,1019.6,6.0,1.0,25.0,27.3
2016-02-10,19.6,28.5,0.2,7.6,12.7,43.0,11.0,22.0,68.0,46.0,1016.7,1012.9,2.0,1.0,23.2,27.6
2016-02-11,20.7,28.4,0.0,10.4,9.6,26.0,6.0,20.0,65.0,58.0,1015.8,1014.2,3.0,7.0,24.6,26.7
2016-02-12,21.5,28.8,0.0,6.4,12.0,33.0,7.0,22.0,63.0,58.0,1017.0,1015.1,2.0,1.0,25.4,27.5
2016-02-13,20.7,28.9,0.0,8.8,12.1,46.0,9.0,24.0,60.0,54.0,1014.6,1011.5,1.0,1.0,25.3,27.7
2016-02-14,21.1,32.5,0.0,9.6,10.4,48.0,2.0,4.0,58.0,53.0,1008.4,1005.3,1.0,5.0,26.2,31.5
2016-02-15,22.3,29.3,0.0,8.0,6.9,31.0,15.0,20.0,75.0,62.0,1011.8,1007.7,7.0,3.0,24.1,27.4
2016-02-16,21.5,27.9,0.0,7.0,10.8,48.0,17.0,31.0,36.0,51.0,1009.1,1008.8,1.0,2.0,25.3,25.6
2016-02-17,19.5,26.0,0.0,8.8,10.4,39.0,22.0,22.0,57.0,34.0,1011.4,1008.4,3.0,1.0,20.5,25.5
2016-02-18,18.3,26.4,0.0,8.0,11.7,30.0,11.0,19.0,59.0,47.0,1009.8,1008.7,3.0,1.0,22.9,26.1
2016-02-19,20.5,29.4,0.0,8.0,11.1,35.0,9.0,20.0,70.0,60.0,1012.4,1009.8,4.0,1.0,23.7,28.6
2016-02-20,23.1,29.3,0.0,9.4,5.9,52.0,24.0,26.0,75.0,52.0,1017.7,1018.2,7.0,5.0,24.6,28.8
2016-02-21,21.4,27.0,6.0,8.2,4.8,37.0,9.0,13.0,89.0,67.0,1025.4,1024.6,6.0,4.0,21.9,26.6
2016-02-22,20.8,28.8,1.2,3.8,11.6,39.0,11.0,24.0,71.0,59.0,1025.4,1022.0,1.0,6.0,24.3,28.0
2016-02-23,21.8,29.7,0.0,9.4,12.4,43.0,9.0,22.0,62.0,51.0,1021.3,1017.7,1.0,1.0,25.4,28.2
2016-02-24,20.9,29.5,0.0,11.0,12.3,46.0,11.0,26.0,60.0,58.0,1016.1,1012.9,0.0,1.0,26.1,28.4
2016-02-25,21.9,32.8,0.0,8.4,12.2,44.0,7.0,17.0,62.0,45.0,1012.4,1009.3,0.0,0.0,26.1,32.2
2016-02-26,23.2,27.8,0.0,12.2,5.2,63.0,28.0,22.0,67.0,60.0,1014.9,1015.5,1.0,7.0,25.4,26.7
2016-02-27,22.5,27.5,0.0,6.0,10.0,33.0,17.0,22.0,60.0,55.0,1019.3,1019.0,7.0,5.0,26.0,25.2
2016-02-28,20.7,28.1,0.0,8.0,10.1,28.0,11.0,17.0,62.0,53.0,1018.8,1017.2,1.0,1.0,23.7,26.3
2016-02-29,20.5,27.7,0.0,11.2,5.7,31.0,9.0,20.0,73.0,60.0,1021.2,1020.4,7.0,5.0,23.0,27.5
2016-03-01,21.3,28.2,0.0,4.2,7.7,33.0,4.0,26.0,72.0,47.0,1022.0,1019.9,4.0,1.0,23.6,27.6
2016-03-02,20.3,28.8,0.0,7.8,10.7,50.0,13.0,30.0,59.0,52.0,1021.1,1018.9,7.0,7.0,25.1,28.1
2016-03-03,22.2,28.7,0.0,8.2,10.2,46.0,4.0,26.0,71.0,58.0,1021.3,1019.4,3.0,4.0,25.2,28.4
2016-03-04,22.8,28.3,0.0,9.6,10.1,39.0,20.0,24.0,70.0,53.0,1022.0,1020.1,7.0,2.0,24.9,26.9
2016-03-05,20.6,27.6,0.0,9.2,10.6,41.0,11.0,24.0,64.0,55.0,1021.7,1019.4,1.0,1.0,24.6,27.2
2016-03-06,20.8,27.9,0.0,9.8,10.5,46.0,4.0,20.0,64.0,59.0,1022.9,1021.2,2.0,1.0,24.9,26.3
2016-03-07,21.0,28.3,0.0,8.0,11.8,44.0,7.0,26.0,71.0,57.0,1021.6,1018.8,2.0,1.0,24.5,26.8
2016-03-08,22.4,28.1,0.0,8.8,10.8,33.0,7.0,20.0,61.0,57.0,1023.4,1022.6,1.0,3.0,26.2,27.0
2016-03-09,22.9,29.3,0.0,9.2,10.1,43.0,13.0,24.0,71.0,55.0,1021.6,1017.9,4.0,4.0,24.8,29.1
2016-03-10,22.0,30.6,0.0,8.0,6.5,31.0,2.0,24.0,84.0,59.0,1019.7,1018.9,7.0,7.0,24.0,28.5
2016-03-11,22.8,27.8,0.0,5.8,2.3,37.0,6.0,19.0,79.0,66.0,1020.1,1017.9,8.0,7.0,23.8,26.8
2016-03-12,21.8,28.7,0.0,4.6,10.7,43.0,9.0,24.0,73.0,60.0,1019.6,1018.0,1.0,2.0,24.6,27.6
2016-03-13,22.6,27.7,0.0,9.0,7.7,30.0,11.0,20.0,63.0,63.0,1020.5,1017.9,4.0,7.0,25.8,26.2
2016-03-14,21.8,30.7,0.0,7.2,4.9,41.0,9.0,20.0,84.0,54.0,1016.3,1014.3,7.0,6.0,22.9,29.9
2016-03-15,19.9,25.6,16.8,7.0,4.5,44.0,11.0,26.0,89.0,66.0,1019.5,1018.6,7.0,6.0,20.2,24.3
2016-03-16,19.7,26.2,23.0,6.0,7.6,39.0,9.0,20.0,88.0,58.0,1019.7,1018.0,8.0,4.0,20.7,25.4
2016-03-17,19.0,26.1,13.6,5.2,7.5,,4.0,15.0,92.0,59.0,1017.0,1012.9,7.0,4.0,19.6,25.5
2016-03-18,19.6,28.2,3.4,5.6,4.4,52.0,11.0,13.0,71.0,67.0,1003.6,997.6,7.0,7.0,23.4,26.4
2016-03-19,16.2,24.4,4.8,5.4,11.0,44.0,20.0,22.0,43.0,36.0,1010.9,1011.2,1.0,1.0,18.4,23.8
2016-03-20,17.4,22.0,0.2,7.8,3.4,52.0,15.0,20.0,63.0,81.0,1017.5,1016.8,7.0,8.0,18.6,18.1
2016-03-21,15.4,21.2,61.2,5.8,2.7,43.0,19.0,24.0,91.0,65.0,1018.8,1016.5,8.0,7.0,15.6,20.7
2016-03-22,14.3,23.8,25.4,2.8,6.9,50.0,20.0,19.0,74.0,63.0,1017.5,1015.5,3.0,7.0,17.1,21.5
2016-03-23,14.9,25.3,1.6,4.2,9.5,33.0,20.0,15.0,66.0,51.0,1018.2,1016.9,1.0,3.0,18.3,23.9
2016-03-24,16.5,27.4,0.0,5.2,9.3,31.0,11.0,24.0,73.0,51.0,1020.7,1019.0,6.0,3.0,19.4,25.8
2016-03-25,19.3,25.2,0.0,6.8,0.3,24.0,11.0,9.0,78.0,62.0,1018.9,1016.3,7.0,7.0,20.4,22.9
2016-03-26,17.1,26.0,0.0,3.0,10.2,28.0,17.0,17.0,71.0,59.0,1018.6,1016.0,2.0,2.0,20.0,24.5
2016-03-27,19.3,24.2,0.2,4.0,5.7,41.0,9.0,20.0,83.0,63.0,1018.2,1017.0,5.0,6.0,22.2,23.0
2016-03-28,19.4,26.0,34.8,5.8,4.1,26.0,15.0,20.0,88.0,64.0,1018.7,1015.7,6.0,6.0,20.6,26.0
2016-03-29,20.6,23.3,0.0,4.0,0.0,37.0,13.0,19.0,84.0,84.0,1017.5,1016.0,7.0,8.0,21.2,21.1
2016-03-30,19.0,28.7,7.0,1.4,7.5,30.0,17.0,7.0,81.0,31.0,1015.0,1012.0,1.0,6.0,20.5,26.8
2016-03-31,16.5,25.6,1.2,6.8,10.6,39.0,20.0,20.0,51.0,42.0,1017.1,1016.2,1.0,2.0,19.9,24.7
2016-04-01,16.6,25.6,0.0,5.4,10.2,37.0,15.0,28.0,69.0,58.0,1019.1,1015.1,3.0,1.0,20.2,24.9
2016-04-02,18.3,31.2,0.0,6.8,10.3,35.0,19.0,9.0,63.0,19.0,1016.4,1014.6,7.0,3.0,19.9,29.7
2016-04-03,19.5,25.2,0.0,6.8,6.7,35.0,17.0,19.0,74.0,64.0,1024.6,1022.1,6.0,2.0,21.2,23.3
2016-04-04,18.7,23.5,94.4,3.4,0.8,33.0,6.0,17.0,91.0,71.0,1023.2,1019.6,8.0,7.0,19.5,23.3
2016-04-05,18.6,26.2,6.4,3.0,10.4,,9.0,24.0,64.0,58.0,1020.1,1015.2,1.0,3.0,23.5,25.6
2016-04-06,19.9,34.2,0.0,6.8,10.6,43.0,7.0,26.0,54.0,46.0,1015.9,1011.6,1.0,1.0,25.0,29.3
2016-04-07,19.9,20.5,0.2,8.4,0.0,43.0,26.0,19.0,59.0,54.0,1023.2,1022.3,8.0,7.0,20.1,19.9
2016-04-08,17.7,20.6,0.0,4.0,0.0,31.0,13.0,2.0,71.0,70.0,1023.5,1021.2,8.0,8.0,18.8,20.5
2016-04-09,16.0,25.0,0.4,1.2,9.5,26.0,17.0,15.0,65.0,57.0,1022.0,1018.8,2.0,7.0,19.3,24.0
2016-04-10,16.1,27.3,0.0,3.8,9.6,,19.0,19.0,70.0,51.0,1019.8,1015.5,5.0,3.0,19.3,23.7
2016-04-11,16.1,26.5,0.0,6.4,9.4,31.0,15.0,19.0,51.0,46.0,1017.5,1016.4,3.0,6.0,19.6,24.1
2016-04-12,17.4,22.9,8.2,5.6,5.7,35.0,7.0,22.0,85.0,68.0,1023.1,1021.8,7.0,5.0,18.3,20.5
2016-04-13,15.5,24.2,0.6,4.2,8.3,28.0,11.0,19.0,72.0,57.0,1027.4,1026.3,6.0,2.0,19.7,22.5
2016-04-14,15.7,22.9,0.6,3.4,2.4,33.0,6.0,15.0,88.0,62.0,1030.2,1027.5,7.0,7.0,18.6,22.3
2016-04-15,16.5,24.6,1.0,3.4,9.9,33.0,2.0,19.0,66.0,51.0,1026.4,1021.8,6.0,5.0,21.3,24.2
2016-04-16,16.6,25.5,0.0,5.0,9.3,28.0,7.0,11.0,69.0,49.0,1021.2,1017.8,6.0,7.0,19.8,24.7
2016-04-17,19.1,23.2,0.0,4.6,3.2,43.0,15.0,17.0,73.0,77.0,1022.1,1020.4,7.0,7.0,20.1,20.5
2016-04-18,15.1,24.2,2.0,3.0,7.6,37.0,17.0,17.0,75.0,68.0,1021.8,1019.2,6.0,7.0,18.9,21.2
2016-04-19,16.9,23.9,15.0,5.0,6.9,24.0,13.0,17.0,83.0,68.0,1021.7,1020.1,3.0,7.0,19.5,22.2
2016-04-20,16.7,25.5,15.8,3.4,10.3,22.0,15.0,13.0,82.0,66.0,1024.6,1022.0,3.0,2.0,19.3,23.2
2016-04-21,17.3,24.5,0.0,3.4,10.5,30.0,9.0,13.0,79.0,69.0,1023.1,1019.1,2.0,5.0,20.2,24.1
2016-04-22,17.1,25.9,0.0,4.0,7.1,44.0,13.0,24.0,70.0,69.0,1020.1,1019.1,1.0,7.0,20.2,21.8
2016-04-23,16.2,20.2,6.6,3.4,1.3,52.0,22.0,17.0,83.0,85.0,1024.2,1024.5,7.0,6.0,16.8,16.5
2016-04-24,15.3,23.1,3.8,2.6,9.9,43.0,22.0,20.0,61.0,49.0,1029.8,1029.3,5.0,3.0,20.1,21.5
2016-04-25,13.1,22.8,0.0,4.8,10.4,20.0,13.0,15.0,76.0,53.0,1032.0,1029.4,1.0,1.0,16.3,21.7
2016-04-26,14.2,23.7,0.0,2.8,9.6,22.0,13.0,13.0,75.0,56.0,1030.9,1027.6,3.0,3.0,17.2,22.2
2016-04-27,15.3,23.7,0.0,2.8,10.7,35.0,15.0,19.0,78.0,54.0,1028.1,1023.7,1.0,2.0,17.8,23.0
2016-04-28,15.7,25.1,0.0,5.2,7.7,24.0,11.0,20.0,84.0,61.0,1024.9,1021.5,7.0,1.0,18.4,23.7
2016-04-29,16.0,24.2,0.0,4.8,4.6,26.0,13.0,11.0,75.0,65.0,1022.8,1018.5,4.0,8.0,18.8,23.3
2016-04-30,18.8,26.5,0.0,3.4,4.5,33.0,4.0,9.0,74.0,54.0,1018.7,1015.6,8.0,6.0,20.5,26.0
2016-05-01,18.1,26.1,2.8,3.4,4.7,44.0,19.0,20.0,86.0,55.0,1013.6,1009.6,7.0,5.0,19.4,25.4
2016-05-02,13.9,21.3,0.0,4.8,6.1,,7.0,9.0,56.0,60.0,1017.3,1012.2,0.0,7.0,16.3,21.2
2016-05-03,12.8,26.4,0.0,3.4,10.4,33.0,11.0,20.0,61.0,27.0,1012.6,1006.4,1.0,0.0,16.0,25.8
2016-05-04,16.0,26.2,0.0,8.0,10.2,26.0,17.0,15.0,49.0,41.0,1015.2,1014.2,1.0,2.0,19.1,23.1
2016-05-05,13.5,22.4,0.0,4.0,10.1,28.0,13.0,20.0,55.0,54.0,1020.7,1016.9,1.0,1.0,16.2,21.3
2016-05-06,14.0,26.7,0.0,3.4,9.9,,19.0,13.0,69.0,42.0,1019.6,1017.2,4.0,1.0,16.4,23.2
2016-05-07,12.4,22.9,0.0,5.6,8.7,24.0,13.0,13.0,75.0,60.0,1021.3,1018.4,0.0,6.0,15.4,21.6
2016-05-08,15.3,20.8,0.0,1.4,0.0,22.0,11.0,9.0,86.0,74.0,1018.5,1013.8,7.0,7.0,18.2,20.5
2016-05-09,18.0,22.2,1.6,1.0,0.0,43.0,11.0,17.0,76.0,72.0,1008.8,1003.7,7.0,7.0,20.1,21.8
2016-05-10,17.3,24.6,0.0,4.4,9.7,72.0,20.0,35.0,51.0,35.0,1006.5,1004.3,1.0,1.0,19.8,23.8
2016-05-11,12.6,23.1,0.0,8.0,7.5,43.0,9.0,17.0,51.0,21.0,1015.5,1012.2,1.0,6.0,15.3,21.3
2016-05-12,13.7,24.5,0.0,6.0,9.1,46.0,15.0,22.0,52.0,35.0,1014.7,1013.9,2.0,6.0,17.5,23.3
2016-05-13,13.9,25.9,0.0,4.0,10.0,30.0,13.0,11.0,60.0,32.0,1021.8,1019.6,1.0,1.0,17.3,25.6
2016-05-14,12.4,26.6,0.0,7.2,10.2,28.0,19.0,15.0,62.0,50.0,1023.7,1019.9,0.0,0.0,14.7,22.3
2016-05-15,13.2,24.4,0.0,2.2,5.2,30.0,20.0,9.0,42.0,41.0,1017.4,1013.7,6.0,5.0,17.8,22.4
2016-05-16,13.6,22.9,0.0,3.2,9.1,28.0,17.0,15.0,66.0,59.0,1021.4,1017.7,1.0,1.0,16.4,22.4
2016-05-17,16.3,28.2,0.0,4.8,8.9,31.0,7.0,15.0,55.0,26.0,1017.0,1014.3,2.0,1.0,18.3,27.7
2016-05-18,12.7,21.9,0.0,6.6,3.0,39.0,17.0,11.0,49.0,34.0,1018.8,1015.2,7.0,7.0,14.6,21.4
2016-05-19,11.9,23.2,0.0,4.0,9.9,37.0,9.0,17.0,54.0,29.0,1017.9,1013.4,0.0,1.0,14.5,23.0
2016-05-20,12.8,24.9,0.0,4.0,9.2,,19.0,17.0,53.0,51.0,1020.3,1019.3,0.0,1.0,17.3,22.2
2016-05-21,13.6,21.5,0.0,3.4,4.4,24.0,13.0,9.0,72.0,56.0,1027.3,1024.0,6.0,7.0,15.5,20.8
2016-05-22,14.5,22.0,0.0,2.0,9.1,24.0,13.0,9.0,82.0,66.0,1024.4,1020.2,1.0,4.0,16.0,21.8
2016-05-23,15.2,26.8,0.0,4.0,9.2,61.0,9.0,22.0,53.0,32.0,1013.9,1012.4,3.0,1.0,21.5,23.8
2016-05-24,12.1,22.3,0.0,7.6,9.9,44.0,17.0,19.0,50.0,21.0,1018.1,1013.6,1.0,2.0,14.1,20.8
2016-05-25,10.4,21.2,0.0,3.2,8.7,33.0,22.0,6.0,54.0,29.0,1017.8,1013.5,4.0,7.0,12.9,20.8
2016-05-26,12.9,20.2,0.2,4.6,4.8,48.0,22.0,24.0,52.0,48.0,1006.9,1000.4,7.0,2.0,15.0,19.9
2016-05-27,12.8,18.6,0.2,4.0,9.9,61.0,17.0,37.0,42.0,27.0,1003.5,1001.7,1.0,1.0,14.0,17.9
2016-05-28,9.8,14.8,0.0,5.6,2.1,39.0,9.0,13.0,63.0,70.0,1007.2,1006.0,6.0,6.0,12.9,14.3
2016-05-29,9.2,19.3,2.2,1.6,9.8,37.0,17.0,15.0,59.0,29.0,1017.2,1016.5,1.0,1.0,11.0,18.7
2016-05-30,7.3,19.9,0.2,2.6,9.5,39.0,24.0,9.0,62.0,30.0,1025.5,1024.1,1.0,1.0,9.5,19.1
2016-05-31,8.7,17.5,0.0,2.2,1.7,35.0,17.0,6.0,76.0,87.0,1029.6,1027.2,7.0,7.0,11.0,15.8
2016-06-01,10.9,17.9,29.4,0.6,1.4,24.0,15.0,7.0,89.0,74.0,1029.1,1026.6,7.0,7.0,13.1,16.0
2016-06-02,11.1,19.1,1.0,2.4,8.7,,19.0,15.0,85.0,60.0,1027.0,1024.3,2.0,7.0,12.3,18.6
2016-06-03,11.7,18.3,0.2,2.4,1.3,28.0,11.0,11.0,78.0,73.0,1025.4,1021.6,7.0,7.0,13.3,18.3
2016-06-04,13.3,21.1,64.4,,0.0,89.0,13.0,30.0,91.0,82.0,1015.4,1009.5,8.0,8.0,17.0,18.8
2016-06-05,16.3,19.7,93.8,,0.0,96.0,31.0,57.0,89.0,85.0,1002.5,995.9,8.0,8.0,18.8,19.7
2016-06-06,13.7,18.4,68.4,12.6,2.2,59.0,28.0,28.0,59.0,43.0,999.8,998.4,7.0,7.0,14.9,17.9
2016-06-07,11.3,19.9,0.0,5.2,3.6,44.0,20.0,20.0,59.0,40.0,1004.1,1002.7,4.0,7.0,13.8,17.9
2016-06-08,10.9,20.7,0.0,1.8,9.3,31.0,15.0,15.0,65.0,40.0,1011.4,1009.2,1.0,1.0,13.8,20.2
2016-06-09,13.8,22.0,0.2,4.8,6.0,59.0,31.0,17.0,62.0,32.0,1006.8,1005.9,7.0,1.0,17.4,21.6
2016-06-10,13.1,21.4,0.2,6.2,9.1,35.0,15.0,7.0,64.0,41.0,1017.4,1016.8,1.0,1.0,15.3,20.8
2016-06-11,10.1,19.8,0.0,3.2,8.7,54.0,24.0,19.0,53.0,34.0,1022.5,1020.7,1.0,5.0,13.4,19.3
2016-06-12,7.9,18.1,0.0,5.4,8.3,33.0,22.0,7.0,62.0,34.0,1036.2,1034.9,4.0,1.0,9.4,17.6
2016-06-13,8.5,20.3,0.0,1.0,6.5,30.0,20.0,9.0,65.0,51.0,1039.0,1035.5,5.0,1.0,10.3,17.7
2016-06-14,9.9,21.2,0.0,2.2,9.6,,15.0,6.0,80.0,42.0,1035.8,1031.6,1.0,4.0,11.6,20.9
2016-06-15,9.1,20.5,0.0,3.4,8.2,26.0,17.0,9.0,72.0,45.0,1033.4,1029.8,5.0,3.0,10.6,19.2
2016-06-16,10.2,22.2,0.0,2.2,9.6,30.0,13.0,11.0,81.0,42.0,1025.5,1019.3,1.0,1.0,12.9,21.2
2016-06-17,12.7,19.3,0.0,3.6,1.4,30.0,20.0,17.0,53.0,60.0,1017.7,1014.6,6.0,7.0,17.4,18.7
2016-06-18,14.7,21.1,5.0,3.6,3.4,31.0,6.0,4.0,90.0,64.0,1017.4,1015.4,7.0,6.0,15.4,20.7
2016-06-19,14.5,19.5,0.4,0.8,0.0,52.0,13.0,20.0,81.0,89.0,1017.2,1010.4,7.0,8.0,15.2,16.7
2016-06-20,15.0,20.4,38.8,2.2,3.5,52.0,9.0,22.0,76.0,52.0,999.5,994.2,6.0,6.0,16.2,17.9
2016-06-21,14.9,18.4,0.0,6.0,5.5,59.0,22.0,28.0,56.0,38.0,1003.3,1002.0,7.0,4.0,15.8,17.8
2016-06-22,12.8,19.7,0.0,4.4,9.0,50.0,17.0,28.0,60.0,34.0,1004.8,1005.0,2.0,1.0,15.0,19.3
2016-06-23,9.4,18.5,0.0,5.0,8.2,35.0,7.0,24.0,58.0,43.0,1012.6,1007.4,7.0,4.0,12.8,17.4
2016-06-24,12.7,16.3,0.0,3.8,6.5,69.0,13.0,43.0,52.0,33.0,1003.8,1003.2,5.0,3.0,15.8,14.4
2016-06-25,7.3,15.1,0.6,5.4,9.6,54.0,28.0,17.0,49.0,31.0,1018.1,1018.1,1.0,1.0,8.4,14.3
2016-06-26,5.6,15.3,0.0,3.6,5.2,39.0,20.0,7.0,61.0,45.0,1021.1,1017.0,6.0,7.0,7.4,13.7
2016-06-27,7.4,11.7,0.0,2.2,0.0,46.0,26.0,9.0,74.0,74.0,1015.3,1013.6,8.0,8.0,9.3,11.0
2016-06-28,7.7,17.3,2.4,1.4,8.9,46.0,31.0,13.0,57.0,36.0,1022.9,1023.1,1.0,1.0,9.6,16.9
2016-06-29,6.7,18.8,0.2,4.0,9.6,31.0,22.0,4.0,66.0,33.0,1028.4,1025.4,1.0,1.0,8.8,18.6
2016-06-30,5.4,16.5,0.0,1.8,9.566666666666666,44.0,11.0,24.0,78.0,33.0,1021.2,1015.1,1.0,7.0,7.7,14.5
2016-07-01,7.7,16.7,0.0,4.0,9.533333333333333,52.0,13.0,20.0,58.0,33.0,1015.7,1016.2,7.0,1.0,11.0,16.4
2016-07-02,8.2,18.2,0.0,2.8,9.5,37.0,24.0,17.0,62.0,36.0,1025.5,1023.2,1.0,1.0,10.1,17.8
2016-07-03,6.5,18.1,0.0,3.6,9.5,24.0,17.0,13.0,72.0,42.0,1026.6,1022.6,1.0,0.0,9.2,16.5
2016-07-04,6.4,15.6,0.0,3.4,7.5,22.0,13.0,6.0,77.0,58.0,1020.8,1016.2,5.0,7.0,7.6,14.4
2016-07-05,7.5,18.8,4.8,0.6,5.8,46.0,11.0,17.0,90.0,55.0,1011.9,1006.1,8.0,2.0,9.6,17.7
2016-07-06,9.5,17.7,0.2,4.4,4.8,61.0,22.0,31.0,54.0,47.0,1004.0,1003.0,6.0,6.0,12.9,15.9
2016-07-07,12.9,17.2,29.4,6.4,1.6,50.0,19.0,22.0,85.0,86.0,1015.4,1016.5,7.0,7.0,14.9,14.6
2016-07-08,12.4,15.6,22.4,,0.0,28.0,17.0,7.0,92.0,80.0,1019.8,1018.4,8.0,8.0,12.7,15.5
2016-07-09,8.7,18.0,2.2,0.6,5.2,30.0,20.0,13.0,88.0,64.0,1023.5,1022.4,3.0,5.0,10.5,16.4
2016-07-10,10.5,17.9,1.0,1.8,7.3,30.0,13.0,15.0,90.0,69.0,1025.1,1021.3,3.0,3.0,11.9,16.7
2016-07-11,11.8,18.6,0.0,3.2,0.3,69.0,20.0,39.0,63.0,54.0,1015.2,1009.7,7.0,7.0,15.5,18.3
2016-07-12,14.8,20.2,0.2,1.2,7.8,54.0,15.0,33.0,41.0,26.0,1010.3,1007.1,6.0,7.0,16.6,18.7
2016-07-13,9.6,14.0,0.0,8.0,9.8,72.0,37.0,37.0,40.0,26.0,1017.3,1019.8,3.0,7.0,10.5,13.3
2016-07-14,6.7,17.0,0.0,5.2,9.6,50.0,30.0,20.0,54.0,27.0,1029.4,1025.9,7.0,2.0,8.6,16.4
2016-07-15,6.4,17.7,0.0,3.0,9.5,31.0,22.0,4.0,60.0,35.0,1030.3,1027.3,1.0,2.0,8.8,16.9
2016-07-16,6.9,18.9,0.0,1.8,4.7,28.0,19.0,15.0,71.0,65.0,1033.3,1030.2,2.0,7.0,9.3,17.1
2016-07-17,9.2,18.8,0.8,1.8,3.2,24.0,13.0,2.0,91.0,73.0,1031.2,1027.1,7.0,7.0,13.3,17.8
2016-07-18,11.0,24.2,0.0,1.2,8.9,30.0,9.0,15.0,92.0,45.0,1024.6,1019.8,1.0,0.0,11.5,23.9
2016-07-19,11.4,24.9,0.2,3.2,6.2,20.0,0.0,6.0,71.0,58.0,1021.7,1019.1,7.0,5.0,18.0,23.0
2016-07-20,16.5,16.9,17.0,2.4,0.0,35.0,9.0,13.0,91.0,90.0,1019.7,1018.4,8.0,8.0,16.7,16.2
2016-07-21,13.9,19.3,20.4,1.8,2.6,31.0,15.0,2.0,92.0,79.0,1019.9,1016.1,7.0,5.0,14.6,17.6
2016-07-22,13.1,25.7,0.0,0.2,7.4,52.0,30.0,30.0,66.0,44.0,1009.1,1001.0,6.0,4.0,19.3,25.1
2016-07-23,14.5,17.4,6.0,7.6,10.0,69.0,44.0,43.0,35.0,31.0,1004.3,1003.8,1.0,1.0,14.5,17.0
2016-07-24,7.8,14.3,0.0,4.0,5.4,46.0,22.0,15.0,50.0,39.0,1015.8,1012.1,7.0,2.0,8.7,13.6
2016-07-25,8.4,17.9,0.0,4.0,9.9,44.0,19.0,24.0,50.0,31.0,1012.7,1011.3,1.0,1.0,12.2,17.1
2016-07-26,10.2,17.9,0.0,4.8,9.9,39.0,6.0,9.0,52.0,47.0,1014.7,1012.8,1.0,1.0,14.0,17.7
2016-07-27,10.8,18.6,0.0,5.4,10.1,63.0,19.0,26.0,53.0,32.0,1012.2,1013.3,2.0,3.0,14.7,18.5
2016-07-28,8.8,19.4,0.0,4.0,10.1,48.0,19.0,11.0,57.0,34.0,1024.3,1020.5,1.0,0.0,11.1,19.0
2016-07-29,7.3,18.5,0.0,4.0,10.1,50.0,24.0,11.0,61.0,34.0,1023.0,1018.0,1.0,2.0,9.8,17.6
2016-07-30,8.7,19.8,0.0,4.2,10.0,33.0,26.0,9.0,63.0,50.0,1023.3,1020.2,1.0,3.0,10.4,17.9
2016-07-31,10.4,20.9,0.0,2.8,3.2,24.0,15.0,7.0,75.0,37.0,1018.0,1015.3,7.0,2.0,11.9,20.5
2016-08-01,10.9,18.4,0.0,2.2,0.7,22.0,6.0,6.0,66.0,54.0,1017.2,1013.0,6.0,8.0,13.3,17.0
2016-08-02,11.5,15.8,0.4,1.0,0.9,54.0,15.0,24.0,76.0,77.0,1013.7,1013.9,7.0,8.0,12.8,13.2
2016-08-03,10.7,14.6,24.8,2.6,0.2,63.0,31.0,24.0,77.0,89.0,1018.0,1017.7,8.0,8.0,13.6,12.6
2016-08-04,10.8,18.1,61.0,9.4,1.45,61.0,15.0,19.0,90.0,60.0,1024.3,1025.1,6.0,7.0,11.6,15.5
2016-08-05,9.7,16.2,4.0,3.2,2.7,35.0,20.0,17.0,90.0,67.0,1030.4,1028.3,6.0,6.0,11.2,14.7
2016-08-06,9.2,15.5,1.8,2.6,2.2,31.0,17.0,7.0,78.0,71.0,1029.0,1026.8,7.0,7.0,10.8,14.7
2016-08-07,10.3,16.4,0.6,0.6,2.6,33.0,15.0,7.0,80.0,64.0,1027.4,1024.7,7.0,6.0,12.4,15.9
2016-08-08,8.7,19.7,0.0,2.6,10.8,28.0,22.0,11.0,75.0,52.0,1026.4,1022.9,1.0,1.0,11.0,17.9
2016-08-09,8.1,19.1,0.0,2.0,6.9,28.0,17.0,11.0,73.0,52.0,1023.1,1017.9,5.0,7.0,11.0,18.8
2016-08-10,10.9,25.2,0.0,4.8,9.2,44.0,17.0,24.0,52.0,33.0,1015.6,1011.4,3.0,3.0,17.6,24.6
2016-08-11,11.2,20.3,0.0,6.2,10.6,46.0,17.0,22.0,48.0,30.0,1018.4,1017.0,1.0,1.0,14.0,19.6
2016-08-12,7.1,19.4,0.0,6.4,8.6,41.0,20.0,13.0,56.0,37.0,1024.4,1019.8,0.0,7.0,9.7,17.3
2016-08-13,8.3,20.3,0.0,3.2,10.6,41.0,24.0,19.0,49.0,31.0,1022.5,1020.2,1.0,2.0,12.4,19.8
2016-08-14,9.5,20.0,0.0,5.4,10.5,28.0,20.0,13.0,52.0,46.0,1027.7,1027.2,1.0,1.0,14.2,17.6
2016-08-15,8.9,19.6,0.0,3.2,10.1,30.0,17.0,17.0,72.0,54.0,1032.7,1029.7,1.0,1.0,12.0,19.2
2016-08-16,9.8,20.3,0.0,4.0,10.5,24.0,13.0,19.0,75.0,59.0,1031.0,1025.8,0.0,0.0,12.8,19.6
2016-08-17,10.6,24.2,0.0,3.8,10.2,24.0,15.0,11.0,63.0,35.0,1026.3,1022.1,1.0,6.0,14.2,22.7
2016-08-18,11.6,22.9,0.0,4.6,10.5,31.0,15.0,19.0,62.0,40.0,1024.5,1020.7,1.0,1.0,14.2,20.7
2016-08-19,11.2,24.3,0.0,,10.0,48.0,11.0,24.0,66.0,37.0,1020.1,1013.9,0.0,6.0,14.2,22.4
2016-08-20,11.0,17.9,0.4,6.6,10.7,59.0,19.0,22.0,51.0,35.0,1015.3,1013.8,1.0,3.0,13.2,15.7
2016-08-21,8.2,20.4,0.0,5.2,10.7,39.0,24.0,9.0,48.0,32.0,1019.8,1016.4,1.0,1.0,12.5,19.9
2016-08-22,9.5,13.8,0.0,3.0,0.2,35.0,15.0,24.0,66.0,67.0,1016.8,1015.0,7.0,7.0,11.4,12.2
2016-08-23,8.5,18.4,1.8,0.6,6.8,37.0,19.0,20.0,69.0,57.0,1014.4,1013.5,1.0,7.0,11.9,15.4
2016-08-24,11.8,14.7,2.4,3.2,0.0,43.0,11.0,9.0,79.0,90.0,1013.3,1007.5,8.0,8.0,13.4,13.7
2016-08-25,9.0,17.3,52.8,5.2,6.7,48.0,22.0,15.0,67.0,48.0,1010.2,1010.6,7.0,3.0,11.4,15.7
2016-08-26,7.3,17.3,0.0,4.6,7.8,43.0,20.0,20.0,57.0,50.0,1018.7,1017.6,7.0,7.0,10.4,16.4
2016-08-27,7.4,19.9,1.4,2.8,10.7,33.0,24.0,15.0,57.0,45.0,1023.6,1020.3,1.0,1.0,11.3,17.7
2016-08-28,8.4,20.5,0.0,3.8,10.7,33.0,22.0,17.0,50.0,36.0,1022.9,1020.9,1.0,2.0,12.2,18.0
2016-08-29,8.4,19.6,0.0,4.0,6.1,22.0,17.0,9.0,57.0,38.0,1027.4,1025.0,7.0,7.0,12.9,18.1
2016-08-30,10.7,19.9,0.0,3.2,4.4,31.0,17.0,15.0,71.0,62.0,1026.9,1023.1,7.0,6.0,13.8,19.6
2016-08-31,13.6,23.6,0.0,,2.3,54.0,20.0,39.0,61.0,53.0,1018.7,1013.9,7.0,7.0,18.8,21.2
2016-09-01,12.1,22.5,0.0,4.6,9.2,28.0,11.0,15.0,63.0,46.0,1020.3,1015.3,2.0,3.0,16.9,20.7
2016-09-02,14.5,18.0,14.4,6.2,0.0,31.0,6.0,9.0,90.0,91.0,1011.6,1006.0,8.0,8.0,15.7,15.9
2016-09-03,15.4,20.5,23.4,2.2,9.1,65.0,33.0,30.0,50.0,39.0,998.3,1004.3,4.0,5.0,17.6,20.1
2016-09-04,10.1,21.3,0.0,5.6,10.9,39.0,11.0,15.0,48.0,33.0,1021.6,1022.0,1.0,1.0,15.5,19.2
2016-09-05,10.0,21.2,0.0,3.4,11.1,26.0,20.0,19.0,55.0,54.0,1030.4,1027.1,0.0,0.0,14.1,19.0
2016-09-06,10.0,20.5,0.0,5.0,10.8,24.0,13.0,19.0,66.0,58.0,1030.4,1026.3,0.0,0.0,15.0,20.2
2016-09-07,12.2,22.0,0.0,3.2,8.2,30.0,13.0,17.0,82.0,55.0,1031.7,1029.3,6.0,3.0,16.0,21.0
2016-09-08,15.4,21.2,0.0,3.8,7.1,41.0,9.0,24.0,69.0,67.0,1029.7,1024.8,7.0,5.0,18.7,20.1
2016-09-09,14.7,22.7,0.0,5.0,8.9,52.0,6.0,22.0,61.0,60.0,1021.9,1015.9,6.0,4.0,19.5,21.2
2016-09-10,14.1,22.7,1.2,7.4,9.3,57.0,26.0,31.0,54.0,31.0,1012.7,1010.9,2.0,7.0,17.9,21.8
2016-09-11,13.0,21.0,0.0,6.2,8.7,33.0,17.0,17.0,44.0,53.0,1019.0,1017.1,1.0,6.0,16.8,17.6
2016-09-12,12.4,20.9,0.0,4.2,9.7,28.0,20.0,19.0,47.0,53.0,1021.5,1018.5,3.0,3.0,16.6,18.3
2016-09-13,16.0,20.2,0.0,5.6,1.5,30.0,15.0,9.0,73.0,69.0,1021.4,1017.8,8.0,7.0,17.5,18.9
2016-09-14,16.0,24.6,5.8,1.8,3.9,37.0,6.0,19.0,86.0,55.0,1014.1,1008.4,8.0,7.0,17.4,23.1
2016-09-15,14.1,22.1,0.0,6.6,8.1,,41.0,35.0,35.0,31.0,1009.8,1007.5,1.0,7.0,17.4,20.9
2016-09-16,13.5,22.5,0.0,6.8,8.5,43.0,19.0,28.0,55.0,29.0,1016.5,1015.5,6.0,3.0,16.9,21.7
2016-09-17,10.7,22.4,0.0,5.4,8.8,37.0,6.0,19.0,52.0,44.0,1022.0,1018.0,1.0,7.0,17.5,19.2
2016-09-18,14.2,17.8,0.0,6.6,0.0,30.0,17.0,6.0,66.0,79.0,1012.6,1005.7,8.0,8.0,14.9,15.1
2016-09-19,13.1,21.4,13.4,1.0,10.1,59.0,30.0,28.0,53.0,38.0,1008.5,1008.7,1.0,1.0,17.7,20.6
2016-09-20,10.0,20.6,0.0,6.4,8.7,28.0,17.0,17.0,48.0,47.0,1018.9,1016.0,7.0,7.0,15.1,18.5
2016-09-21,14.0,21.2,0.0,4.8,2.9,31.0,9.0,15.0,61.0,78.0,1012.5,1007.5,7.0,8.0,16.0,16.8
2016-09-22,13.5,20.1,2.0,4.0,4.1,56.0,20.0,24.0,54.0,63.0,1006.9,1005.9,3.0,7.0,18.4,17.0
2016-09-23,15.2,22.0,0.6,3.0,8.2,61.0,17.0,24.0,55.0,48.0,1011.7,1010.7,6.0,2.0,17.3,21.5
2016-09-24,12.5,22.3,0.0,4.8,10.1,30.0,13.0,17.0,55.0,63.0,1012.6,1007.9,1.0,1.0,18.4,20.6
2016-09-25,13.6,22.1,3.4,5.2,2.1,41.0,15.0,15.0,74.0,75.0,1006.7,1006.1,7.0,7.0,15.5,16.3
2016-09-26,12.0,21.8,4.0,4.2,10.1,41.0,20.0,19.0,41.0,44.0,1013.0,1009.0,1.0,1.0,16.5,18.9
2016-09-27,10.9,23.2,0.0,6.2,9.7,61.0,20.0,26.0,37.0,22.0,1009.7,1006.8,2.0,2.0,18.6,20.6
2016-09-28,10.2,21.3,0.0,7.2,11.4,35.0,17.0,17.0,46.0,42.0,1014.7,1011.3,1.0,1.0,16.2,19.6
2016-09-29,14.2,22.8,1.4,5.4,4.2,56.0,11.0,22.0,76.0,50.0,1000.5,994.0,8.0,2.0,14.8,22.3
2016-09-30,12.3,20.1,0.4,7.2,8.6,67.0,28.0,39.0,42.0,40.0,999.1,998.3,6.0,3.0,16.1,17.3
2016-10-01,12.4,22.1,0.0,7.4,10.4,,35.0,39.0,40.0,34.0,1005.0,1005.5,3.0,3.0,19.5,20.2
2016-10-02,12.5,24.7,0.0,8.0,11.1,41.0,7.0,20.0,44.0,45.0,1012.9,1008.3,0.0,0.0,18.4,22.7
2016-10-03,18.4,25.6,0.0,9.0,8.3,72.0,15.0,31.0,41.0,14.0,999.4,997.8,7.0,7.0,21.5,22.9
2016-10-04,12.7,23.4,0.0,10.2,11.1,70.0,17.0,43.0,34.0,25.0,1007.8,1003.7,1.0,1.0,17.5,23.0
2016-10-05,11.7,23.7,0.0,11.0,11.0,57.0,30.0,26.0,34.0,16.0,1016.4,1013.2,0.0,1.0,14.7,22.9
2016-10-06,13.0,27.8,0.0,7.6,11.1,48.0,7.0,30.0,34.0,20.0,1019.1,1017.0,4.0,8.0,19.9,27.2
2016-10-07,16.0,31.0,0.0,8.6,9.3,37.0,9.0,22.0,40.0,16.0,1021.0,1015.6,7.0,5.0,22.5,30.8
2016-10-08,20.1,22.2,0.2,10.0,7.4,54.0,28.0,30.0,63.0,50.0,1016.3,1017.6,6.0,5.0,21.0,20.1
2016-10-09,13.8,25.5,0.0,7.4,8.4,52.0,11.0,24.0,51.0,40.0,1022.9,1018.1,7.0,7.0,17.5,20.3
2016-10-10,16.8,33.6,0.0,8.4,6.6,,9.0,28.0,37.0,24.0,1007.7,1004.1,6.0,7.0,25.3,31.8
2016-10-11,12.3,21.3,3.8,10.2,11.4,61.0,35.0,9.0,33.0,26.0,1013.2,1012.9,1.0,3.0,14.9,20.1
2016-10-12,10.7,23.6,0.0,6.6,9.3,39.0,26.0,24.0,45.0,32.0,1016.5,1012.5,1.0,5.0,14.3,20.7
2016-10-13,11.8,18.3,4.4,7.4,7.9,57.0,26.0,24.0,56.0,57.0,1021.2,1022.4,2.0,7.0,15.9,15.6
2016-10-14,9.0,21.3,0.2,8.2,11.6,30.0,17.0,19.0,50.0,37.0,1025.9,1023.2,1.0,1.0,15.1,19.4
2016-10-15,11.1,23.9,0.0,5.6,12.2,50.0,11.0,26.0,57.0,36.0,1023.1,1017.5,0.0,0.0,15.9,23.0
2016-10-16,15.9,29.0,0.0,10.0,11.0,56.0,22.0,28.0,31.0,37.0,1014.9,1008.7,0.0,1.0,23.1,25.4
2016-10-17,21.7,22.4,0.0,11.8,2.4,,28.0,15.0,43.0,78.0,1005.8,1008.3,7.0,7.0,22.4,14.5
2016-10-18,11.5,25.8,3.0,3.0,12.2,48.0,19.0,26.0,39.0,23.0,1014.5,1010.8,1.0,3.0,18.3,25.5
2016-10-19,16.2,24.5,0.2,11.0,11.1,50.0,24.0,6.0,30.0,20.0,1017.9,1017.0,3.0,2.0,19.1,22.9
2016-10-20,16.4,21.6,0.0,8.0,10.3,44.0,19.0,26.0,47.0,47.0,1024.4,1021.4,6.0,5.0,19.0,20.4
2016-10-21,15.3,25.2,0.0,7.4,8.4,46.0,20.0,26.0,55.0,55.0,1018.9,1012.8,5.0,7.0,21.5,23.3
2016-10-22,16.1,18.0,11.8,8.4,4.1,57.0,15.0,22.0,84.0,69.0,1010.0,1010.1,7.0,7.0,17.0,16.4
2016-10-23,10.2,19.8,0.6,4.8,10.4,59.0,22.0,28.0,53.0,42.0,1018.3,1017.7,7.0,2.0,13.1,17.5
2016-10-24,10.2,21.5,0.8,5.8,12.4,37.0,15.0,22.0,45.0,33.0,1019.6,1016.7,1.0,1.0,15.0,19.8
2016-10-25,11.4,23.3,0.0,6.8,12.3,37.0,13.0,22.0,56.0,46.0,1018.9,1014.4,7.0,1.0,17.6,22.8
2016-10-26,14.3,27.0,0.0,7.8,8.5,26.0,11.0,20.0,52.0,34.0,1016.6,1013.0,7.0,7.0,18.7,25.8
2016-10-27,18.4,21.7,0.0,8.0,6.2,41.0,20.0,26.0,65.0,63.0,1015.9,1015.7,4.0,7.0,20.8,19.9
2016-10-28,14.7,19.6,1.4,4.6,0.5,30.0,19.0,7.0,73.0,57.0,1020.6,1018.5,8.0,8.0,15.4,19.1
2016-10-29,15.3,24.3,3.2,1.6,7.9,41.0,13.0,20.0,86.0,66.0,1020.1,1017.7,6.0,5.0,18.3,22.0
2016-10-30,18.2,25.5,0.2,7.0,4.6,50.0,9.0,11.0,65.0,61.0,1013.7,1006.5,7.0,8.0,23.0,25.3
2016-10-31,16.1,23.3,1.6,6.6,12.9,52.0,28.0,20.0,24.0,28.0,1011.0,1010.8,1.0,1.0,18.3,21.7
2016-11-01,12.1,24.5,0.0,10.6,12.1,33.0,17.0,20.0,31.0,37.0,1014.4,1010.0,4.0,1.0,16.8,20.9
2016-11-02,13.0,24.1,0.0,7.2,12.8,39.0,20.0,20.0,34.0,32.0,1014.6,1013.0,1.0,1.0,19.1,21.6
2016-11-03,13.6,25.2,0.0,7.4,12.2,37.0,11.0,26.0,57.0,50.0,1018.9,1014.8,1.0,1.0,19.7,23.7
2016-11-04,15.3,30.6,0.0,8.4,12.8,35.0,11.0,20.0,58.0,33.0,1014.8,1009.2,2.0,1.0,21.0,27.1
2016-11-05,21.0,25.7,0.0,13.4,12.4,76.0,20.0,28.0,21.0,16.0,1002.9,1006.2,1.0,1.0,25.7,24.9
2016-11-06,15.7,26.0,0.0,14.4,12.3,57.0,22.0,26.0,25.0,27.0,1009.1,1007.8,1.0,7.0,19.6,23.2
2016-11-07,14.8,28.1,0.0,7.6,12.4,44.0,13.0,24.0,34.0,46.0,1011.1,1006.4,2.0,1.0,22.6,25.5
2016-11-08,21.2,28.3,0.0,11.0,4.1,54.0,6.0,24.0,25.0,57.0,1007.3,1007.1,7.0,7.0,26.8,24.7
2016-11-09,17.8,22.7,2.0,5.2,2.5,37.0,13.0,19.0,72.0,67.0,1013.3,1009.8,7.0,7.0,20.1,21.3
2016-11-10,16.9,24.6,10.2,2.8,10.7,28.0,7.0,19.0,71.0,62.0,1009.4,1007.0,6.0,2.0,20.0,23.4
2016-11-11,17.8,24.3,0.0,7.0,11.1,33.0,9.0,20.0,68.0,59.0,1012.9,1009.9,5.0,1.0,20.2,22.6
2016-11-12,18.4,32.5,9.0,7.6,9.1,48.0,15.0,22.0,72.0,59.0,1002.5,996.9,7.0,3.0,22.1,26.4
2016-11-13,18.9,30.3,0.0,8.0,13.0,72.0,4.0,41.0,29.0,21.0,998.6,995.4,1.0,1.0,24.9,28.0
2016-11-14,17.4,24.4,0.0,15.8,7.0,56.0,33.0,28.0,40.0,52.0,1002.0,1004.5,3.0,7.0,20.5,20.3
2016-11-15,15.4,23.2,0.6,5.8,9.4,39.0,13.0,19.0,61.0,45.0,1016.1,1015.0,7.0,3.0,17.9,20.5
2016-11-16,14.3,25.2,0.0,5.2,12.7,39.0,13.0,22.0,54.0,52.0,1020.0,1021.3,0.0,3.0,19.9,22.0
2016-11-17,17.3,23.9,0.0,7.4,12.8,43.0,4.0,28.0,57.0,53.0,1025.6,1021.9,4.0,1.0,21.1,23.1
2016-11-18,16.4,31.4,0.0,9.2,12.1,37.0,13.0,11.0,52.0,36.0,1017.4,1013.5,1.0,2.0,23.0,30.0
2016-11-19,19.3,24.8,0.0,8.6,3.7,44.0,30.0,20.0,67.0,58.0,1018.3,1018.4,7.0,7.0,21.7,22.1
2016-11-20,19.1,25.1,0.0,6.0,8.5,33.0,13.0,26.0,58.0,55.0,1021.3,1018.2,4.0,7.0,22.3,23.2
2016-11-21,19.7,28.4,0.0,7.4,6.0,35.0,11.0,17.0,67.0,64.0,1018.4,1015.1,6.0,5.0,24.6,25.5
2016-11-22,21.0,31.0,0.0,8.0,9.7,46.0,15.0,24.0,51.0,54.0,1014.8,1012.1,1.0,3.0,26.6,26.2
2016-11-23,19.8,26.2,0.0,10.4,5.9,44.0,7.0,24.0,69.0,72.0,1010.2,1011.95,4.0,8.0,22.6,22.5
2016-11-24,13.5,23.4,5.4,6.6,13.1,52.0,22.0,26.0,42.0,39.0,1013.0,1011.8,1.0,1.0,18.3,21.8
2016-11-25,14.7,25.5,0.0,8.8,13.1,37.0,20.0,22.0,33.0,46.0,1012.8,1012.5,4.0,2.0,20.6,23.4
2016-11-26,18.1,24.4,0.0,8.0,12.3,46.0,7.0,24.0,55.0,53.0,1017.4,1013.7,3.0,1.0,22.3,23.9
2016-11-27,19.6,23.5,0.0,9.8,1.7,35.0,19.0,22.0,71.0,66.0,1017.8,1016.9,7.0,7.0,20.5,21.6
2016-11-28,20.3,26.1,0.0,6.0,8.1,37.0,15.0,28.0,71.0,63.0,1015.0,1010.4,6.0,1.0,22.8,25.5
2016-11-29,19.3,25.3,0.0,7.8,7.0,44.0,22.0,20.0,65.0,57.0,1011.8,1010.8,7.0,6.0,22.4,24.1
2016-11-30,18.2,25.2,0.0,6.4,4.4,50.0,6.0,31.0,61.0,57.0,1012.4,1008.8,7.0,2.0,22.4,24.2
2016-12-01,18.1,28.5,0.0,7.4,8.1,37.0,9.0,19.0,68.0,51.0,1008.0,1005.3,7.0,7.0,21.2,25.4
2016-12-02,18.7,35.7,0.2,6.0,9.8,57.0,13.0,17.0,44.0,24.0,1008.4,1007.7,3.0,5.0,25.6,30.9
2016-12-03,21.0,26.8,0.0,11.2,9.7,41.0,11.0,19.0,64.0,55.0,1016.0,1015.0,7.0,5.0,22.6,23.8
2016-12-04,19.7,26.9,0.0,8.0,9.3,39.0,6.0,26.0,64.0,60.0,1016.0,1013.1,7.0,7.0,23.0,25.1
2016-12-05,22.1,29.9,0.4,7.6,2.9,59.0,13.0,17.0,71.0,65.0,1009.6,1005.9,7.0,7.0,26.1,27.1
2016-12-06,20.4,23.6,3.2,7.0,0.0,33.0,15.0,7.0,86.0,83.0,1012.4,1010.6,8.0,8.0,20.6,22.2
2016-12-07,18.6,25.1,7.8,1.4,9.3,37.0,15.0,24.0,86.0,56.0,1015.2,1014.4,5.0,4.0,20.7,24.4
2016-12-08,20.2,27.9,0.2,8.0,12.2,56.0,9.0,26.0,60.0,61.0,1008.7,999.4,1.0,2.0,24.6,26.9
2016-12-09,18.1,27.8,0.4,13.6,13.4,72.0,44.0,31.0,35.0,14.0,1007.9,1009.9,1.0,1.0,20.2,26.4
2016-12-10,16.9,23.7,0.0,9.0,9.8,39.0,11.0,26.0,54.0,52.0,1022.5,1020.5,3.0,2.0,20.8,22.1
2016-12-11,20.0,26.3,0.0,9.0,11.4,41.0,13.0,28.0,57.0,56.0,1022.2,1020.4,3.0,1.0,23.6,24.3
2016-12-12,20.9,27.6,0.0,10.6,12.4,52.0,15.0,19.0,59.0,53.0,1022.6,1018.1,6.0,1.0,23.8,25.5
2016-12-13,20.7,37.8,0.0,10.2,11.4,44.0,9.0,15.0,49.0,36.0,1015.5,1011.1,3.0,5.0,27.5,31.1
2016-12-14,27.1,37.2,0.0,13.4,2.5,57.0,24.0,33.0,23.0,16.0,1008.5,1007.0,7.0,7.0,32.4,34.1
2016-12-15,17.4,19.1,8.2,8.8,0.0,46.0,17.0,15.0,88.0,81.0,1017.2,1017.4,8.0,8.0,17.7,17.7
2016-12-16,17.2,25.4,32.6,1.0,0.0,30.0,17.0,4.0,89.0,86.0,1013.3,1009.3,8.0,8.0,18.8,20.2
2016-12-17,18.5,33.7,10.4,1.4,12.7,70.0,2.0,19.0,67.0,27.0,1007.4,1005.2,3.0,4.0,25.4,32.4
2016-12-18,18.3,21.3,0.0,10.0,0.7,57.0,15.0,22.0,61.0,55.0,1018.8,1020.0,8.0,8.0,19.8,19.9
2016-12-19,17.7,22.9,0.0,7.8,7.1,44.0,13.0,24.0,49.0,47.0,1021.0,1017.5,6.0,3.0,20.8,21.4
2016-12-20,16.7,27.1,0.0,7.0,12.0,48.0,4.0,20.0,52.0,52.0,1010.4,1005.3,2.0,3.0,22.8,26.9
2016-12-21,18.6,26.7,0.0,10.0,10.4,52.0,15.0,28.0,64.0,50.0,1012.3,1012.2,3.0,2.0,22.8,25.0
2016-12-22,20.3,24.3,0.0,9.2,3.7,35.0,17.0,20.0,60.0,52.0,1019.4,1018.1,8.0,5.0,21.1,23.0
2016-12-23,20.8,24.4,0.0,7.6,7.9,48.0,20.0,28.0,56.0,56.0,1019.3,1016.6,5.0,2.0,23.0,23.8
2016-12-24,19.8,27.2,0.0,9.4,4.3,44.0,9.0,20.0,66.0,55.0,1015.7,1013.8,7.0,7.0,23.2,26.3
2016-12-25,19.1,27.4,1.6,4.6,12.8,48.0,4.0,26.0,64.0,55.0,1017.1,1015.5,3.0,3.0,23.9,26.8
2016-12-26,20.9,29.3,0.0,11.2,10.9,52.0,13.0,30.0,59.0,51.0,1014.7,1011.4,1.0,1.0,25.8,27.9
2016-12-27,21.8,29.6,0.0,11.2,6.0,43.0,17.0,19.0,66.0,60.0,1014.5,1013.3,7.0,7.0,25.7,27.5
2016-12-28,21.1,28.9,0.0,7.8,9.4,61.0,15.0,24.0,63.0,48.0,1013.0,1009.7,6.0,6.0,24.9,27.5
2016-12-29,22.6,36.6,0.0,10.4,4.8,28.0,15.0,22.0,49.0,30.0,1007.2,1004.4,7.0,6.0,28.1,31.8
2016-12-30,23.9,33.3,0.0,9.2,0.5,30.0,9.0,20.0,58.0,34.0,1003.6,1001.7,8.0,7.0,27.3,32.1
2016-12-31,24.1,30.0,0.0,8.2,4.8,37.0,17.0,24.0,57.0,62.0,1003.7,1003.4,6.0,7.0,27.7,26.4
2017-01-01,22.7,26.6,0.0,6.8,0.0,24.0,9.0,19.0,70.0,70.0,1007.4,1005.5,7.0,8.0,24.6,24.9
2017-01-02,21.2,26.3,0.4,3.4,3.5,56.0,26.0,28.0,71.0,54.0,1009.9,1011.8,7.0,5.0,22.1,24.8
2017-01-03,18.5,26.6,2.6,6.2,8.8,48.0,19.0,19.0,66.0,60.0,1018.5,1018.3,7.0,7.0,21.9,25.4
2017-01-04,20.1,25.9,1.2,7.8,5.6,31.0,22.0,22.0,53.0,45.0,1021.4,1020.0,7.0,7.0,24.0,23.7
2017-01-05,19.6,24.3,5.0,6.0,0.5,30.0,7.0,20.0,89.0,69.0,1019.0,1017.2,8.0,7.0,20.5,22.6
2017-01-06,19.9,26.5,8.8,3.8,4.8,35.0,15.0,22.0,86.0,57.0,1018.3,1017.5,7.0,6.0,20.0,25.3
2017-01-07,19.2,26.8,4.4,6.6,11.5,43.0,2.0,28.0,61.0,57.0,1018.4,1015.0,3.0,3.0,24.8,25.2
2017-01-08,19.7,28.5,0.0,10.4,11.7,54.0,11.0,20.0,52.0,52.0,1013.5,1010.0,2.0,6.0,25.1,27.5
2017-01-09,21.3,29.9,0.0,9.6,9.2,31.0,9.0,20.0,57.0,57.0,1011.5,1009.2,2.0,2.0,27.0,26.7
2017-01-10,22.6,31.3,0.4,8.2,8.8,31.0,9.0,17.0,73.0,49.0,1012.0,1008.1,7.0,4.0,24.8,30.5
2017-01-11,24.0,37.7,0.0,7.4,10.9,63.0,9.0,20.0,53.0,47.0,1007.6,1003.4,4.0,7.0,29.2,31.4
2017-01-12,22.3,28.4,0.0,9.4,7.2,31.0,7.0,20.0,68.0,52.0,1012.4,1010.7,7.0,2.0,24.7,26.8
2017-01-13,23.0,30.5,0.0,8.6,8.9,52.0,15.0,30.0,68.0,57.0,1008.9,1001.3,8.0,1.0,24.6,29.0
2017-01-14,24.6,32.5,0.0,10.6,7.1,35.0,2.0,22.0,59.0,52.0,1003.4,1003.2,8.0,1.0,28.7,29.2
2017-01-15,22.8,27.0,0.0,8.0,6.9,33.0,20.0,22.0,56.0,57.0,1015.1,1015.7,6.0,7.0,25.6,25.5
2017-01-16,21.7,27.2,0.0,7.2,12.1,52.0,22.0,28.0,55.0,57.0,1017.1,1013.9,3.0,0.0,26.2,26.3
2017-01-17,20.8,36.6,0.0,10.4,11.9,50.0,6.0,11.0,64.0,44.0,1013.6,1008.3,2.0,2.0,25.3,32.6
2017-01-18,25.1,38.1,0.0,13.8,11.1,59.0,20.0,31.0,26.0,52.0,1005.4,1006.8,1.0,2.0,36.5,30.1
2017-01-19,20.1,24.5,0.0,12.6,0.0,41.0,20.0,19.0,61.0,53.0,1015.3,1013.7,8.0,8.0,21.5,22.7
2017-01-20,19.0,29.2,0.0,5.8,2.6,65.0,22.0,28.0,62.0,68.0,1001.1,994.3,7.0,7.0,24.1,28.3
2017-01-21,20.8,27.4,7.8,6.2,9.7,48.0,22.0,20.0,49.0,42.0,1010.5,1012.2,7.0,1.0,22.2,26.6
2017-01-22,20.4,26.5,0.0,9.1,10.7,39.0,4.0,22.0,50.0,50.0,1017.9,1015.8,1.0,4.0,23.8,26.0
2017-01-23,21.5,32.6,0.0,9.6,12.1,56.0,17.0,20.0,60.0,51.0,1014.9,1010.1,3.0,1.0,25.5,28.6
2017-01-24,24.5,37.0,0.0,12.0,2.6,69.0,11.0,20.0,34.0,33.0,1007.4,1008.4,6.0,7.0,32.6,35.0
2017-01-25,20.6,24.3,17.8,10.2,0.3,35.0,13.0,11.0,68.0,62.0,1020.5,1018.0,7.0,8.0,21.7,23.3
2017-01-26,20.7,25.5,0.0,2.8,0.4,31.0,11.0,13.0,70.0,64.0,1015.9,1014.9,8.0,6.0,22.6,24.9
2017-01-27,20.4,27.1,0.0,4.2,6.0,31.0,13.0,15.0,67.0,57.0,1018.5,1016.9,7.0,4.0,21.7,25.7
2017-01-28,20.4,29.7,0.0,5.4,12.2,48.0,2.0,17.0,63.0,59.0,1015.9,1012.2,1.0,1.0,26.4,28.1
2017-01-29,22.3,30.2,0.0,11.4,6.8,31.0,13.0,19.0,74.0,56.0,1016.8,1015.4,7.0,6.0,24.5,28.9
2017-01-30,23.1,34.3,0.0,6.0,12.0,56.0,13.0,17.0,67.0,54.0,1012.5,1008.0,1.0,3.0,27.9,30.3
2017-01-31,25.4,39.4,0.0,11.8,4.8,57.0,7.0,33.0,36.0,58.0,1008.1,1009.7,7.0,7.0,33.2,29.2
2017-02-01,20.3,23.6,1.2,9.2,0.0,33.0,6.0,9.0,83.0,79.0,1016.1,1012.7,8.0,8.0,21.1,22.4
2017-02-02,20.8,27.1,4.4,0.0,6.0,50.0,30.0,22.0,70.0,56.0,1013.2,1013.9,7.0,7.0,23.1,25.4
2017-02-03,22.3,26.4,0.0,6.6,0.1,24.0,11.0,17.0,79.0,63.0,1015.5,1013.5,8.0,8.0,22.8,26.1
2017-02-04,22.7,30.4,0.0,4.4,7.2,35.0,4.0,17.0,78.0,65.0,1013.9,1010.4,8.0,5.0,26.0,28.1
2017-02-05,25.8,34.9,0.0,9.6,7.0,41.0,4.0,6.0,50.0,41.0,1010.4,1007.3,7.0,7.0,29.5,34.1
2017-02-06,26.2,34.7,0.0,11.8,10.9,48.0,19.0,19.0,55.0,44.0,1011.3,1009.3,1.0,1.0,29.6,33.9
2017-02-07,22.1,24.9,6.4,8.2,1.3,,24.0,19.0,88.0,89.0,1017.6,1018.7,8.0,7.0,22.2,21.0
2017-02-08,20.7,27.0,85.0,3.4,5.9,46.0,37.0,19.0,79.0,85.0,1022.1,1021.8,7.0,7.0,24.6,23.1
2017-02-09,22.5,30.9,5.4,5.2,11.8,54.0,17.0,20.0,72.0,55.0,1018.6,1013.0,3.0,1.0,25.7,29.7
2017-02-10,23.7,37.5,0.0,10.0,12.0,44.0,7.0,17.0,61.0,35.0,1010.4,1006.4,6.0,2.0,27.4,36.2
2017-02-11,23.9,36.2,0.0,11.0,11.4,63.0,9.0,19.0,72.0,51.0,1007.8,1002.7,5.0,3.0,26.4,33.1
2017-02-12,24.5,31.9,0.0,10.4,7.8,59.0,2.0,33.0,67.0,59.0,1000.5,998.0,1.0,7.0,28.1,28.1
2017-02-13,17.8,27.3,0.0,7.0,12.8,37.0,19.0,22.0,29.0,32.0,1008.1,1007.3,1.0,1.0,21.9,26.9
2017-02-14,21.6,24.0,0.0,9.0,1.9,44.0,17.0,24.0,68.0,73.0,1015.0,1015.9,2.5,6.0,22.3,21.2
2017-02-15,18.0,26.1,25.6,1.2,10.1,37.0,7.0,17.0,66.0,52.0,1017.4,1013.6,4.0,2.0,21.3,26.1
2017-02-16,19.5,30.0,0.0,8.0,11.1,54.0,6.0,24.0,63.0,51.0,1012.1,1009.0,1.0,1.0,23.4,28.8
2017-02-17,22.6,29.9,0.0,11.2,6.6,70.0,9.0,9.0,66.0,59.0,1009.8,1005.7,4.0,7.0,26.6,26.8
2017-02-18,21.8,29.4,8.0,5.4,7.0,41.0,17.0,20.0,79.0,58.0,1007.1,1004.9,3.0,2.0,22.9,28.8
2017-02-19,18.6,26.1,3.2,6.4,7.9,48.0,17.0,19.0,69.0,48.0,1008.7,1006.1,5.0,2.0,19.7,25.0
2017-02-20,17.5,28.3,0.6,8.0,12.5,63.0,35.0,19.0,32.0,18.0,1010.5,1009.6,0.0,0.0,19.9,27.5
2017-02-21,16.9,27.6,0.0,10.4,11.7,33.0,17.0,19.0,41.0,36.0,1019.7,1018.5,6.0,2.0,19.4,26.3
2017-02-22,19.3,27.7,0.0,7.0,12.2,48.0,15.0,22.0,50.0,47.0,1021.6,1018.5,2.0,1.0,25.8,26.2
2017-02-23,21.6,28.1,0.0,11.6,11.5,46.0,17.0,22.0,55.0,52.0,1019.8,1017.2,1.0,1.0,25.4,27.3
2017-02-24,21.8,28.0,0.0,10.6,5.7,31.0,7.0,15.0,69.0,56.0,1020.8,1018.6,8.0,7.0,24.5,27.3
2017-02-25,18.6,20.8,7.8,4.4,0.0,44.0,19.0,19.0,89.0,87.0,1020.5,1020.1,8.0,8.0,18.7,19.0
2017-02-26,18.3,25.5,28.6,5.8,5.3,48.0,15.0,24.0,67.0,54.0,1021.8,1021.8,6.0,3.0,20.7,24.3
2017-02-27,18.7,26.6,26.4,7.6,7.5,44.0,19.0,24.0,60.0,47.0,1024.0,1022.8,7.0,3.0,23.3,25.6
2017-02-28,20.7,26.7,2.6,5.6,9.2,48.0,19.0,17.0,63.0,61.0,1022.7,1021.4,6.0,6.0,25.1,26.4
2017-03-01,20.6,27.2,26.4,7.2,2.2,43.0,9.0,22.0,87.0,67.0,1021.0,1019.4,6.0,7.0,21.4,25.0
2017-03-02,20.5,26.3,3.2,3.6,7.6,26.0,13.0,15.0,81.0,69.0,1018.1,1016.0,3.0,5.0,23.0,25.0
2017-03-03,20.7,24.8,37.8,5.2,1.4,63.0,6.0,17.0,89.0,85.0,1016.9,1016.0,7.0,8.0,21.7,22.2
2017-03-04,19.9,23.3,27.6,4.0,0.2,54.0,19.0,20.0,87.0,86.0,1015.2,1013.1,7.0,7.0,21.5,20.9
2017-03-05,20.1,23.0,7.6,2.4,0.0,56.0,20.0,24.0,78.0,76.0,1010.2,1009.6,7.0,7.0,20.4,22.1
2017-03-06,19.6,25.7,2.4,4.0,7.7,65.0,19.0,33.0,63.0,49.0,1012.8,1013.2,5.0,3.0,20.5,25.5
2017-03-07,18.8,23.2,0.0,9.4,3.6,54.0,13.0,30.0,73.0,62.0,1017.6,1017.7,7.0,7.0,19.3,21.7
2017-03-08,16.9,23.5,5.0,8.8,1.4,46.0,17.0,20.0,67.0,56.0,1018.5,1017.4,8.0,8.0,19.9,22.0
2017-03-09,17.9,25.1,1.0,5.4,2.7,43.0,15.0,31.0,69.0,54.0,1017.0,1016.0,7.0,7.0,20.3,23.3
2017-03-10,17.3,25.8,0.6,5.4,7.4,44.0,17.0,24.0,73.0,51.0,1015.1,1014.0,3.0,3.0,19.3,25.1
2017-03-11,16.9,26.1,0.2,5.0,10.7,31.0,17.0,20.0,61.0,47.0,1014.2,1012.3,5.0,2.0,20.1,25.5
2017-03-12,17.4,26.4,0.0,7.2,10.6,46.0,9.0,28.0,62.0,50.0,1010.6,1007.7,1.0,1.0,22.3,26.0
2017-03-13,22.2,27.4,0.0,7.2,6.2,56.0,7.0,19.0,68.0,63.0,1011.1,1012.4,6.0,6.0,23.7,27.0
2017-03-14,22.6,25.9,0.4,7.6,0.5,44.0,20.0,24.0,71.0,67.0,1019.2,1020.2,7.0,8.0,23.9,21.4
2017-03-15,19.8,25.9,38.0,,5.5,54.0,30.0,31.0,76.0,67.0,1020.6,1018.7,7.0,6.0,22.9,24.8
2017-03-16,21.9,24.9,2.6,7.6,1.0,56.0,26.0,24.0,84.0,85.0,1013.2,1009.0,8.0,7.0,23.1,24.5
2017-03-17,20.0,22.7,20.0,3.0,1.3,59.0,26.0,35.0,83.0,81.0,1018.4,1020.6,8.0,8.0,20.3,20.5
2017-03-18,19.3,25.8,45.8,2.8,3.6,65.0,24.0,22.0,88.0,79.0,1022.9,1022.2,8.0,7.0,21.8,24.1
2017-03-19,21.6,26.2,4.2,,5.5,57.0,28.0,24.0,86.0,76.0,1020.3,1017.9,7.0,7.0,23.7,25.3
2017-03-20,23.7,27.9,0.2,8.4,4.4,39.0,11.0,20.0,74.0,66.0,1018.5,1015.6,7.0,7.0,25.8,26.9
2017-03-21,23.3,27.1,0.0,5.2,1.5,30.0,11.0,17.0,77.0,72.0,1015.7,1012.6,7.0,6.0,24.5,26.0
2017-03-22,22.3,31.9,25.6,6.0,4.4,63.0,4.0,19.0,82.0,57.0,1012.6,1010.7,7.0,6.0,23.9,29.8
2017-03-23,20.7,23.3,18.2,,0.2,41.0,19.0,20.0,72.0,71.0,1018.5,1017.4,7.0,8.0,21.5,22.2
2017-03-24,18.5,24.1,10.2,7.8,5.5,41.0,13.0,20.0,85.0,70.0,1019.9,1019.1,2.0,7.0,20.4,21.7
2017-03-25,19.2,24.5,4.8,3.2,4.9,26.0,11.0,13.0,81.0,58.0,1017.8,1014.1,6.0,7.0,20.2,24.2
2017-03-26,18.9,26.5,0.0,3.0,11.0,28.0,13.0,19.0,74.0,66.0,1015.9,1014.7,1.0,2.0,21.3,26.0
2017-03-27,19.2,27.0,0.0,5.8,11.0,41.0,11.0,22.0,76.0,62.0,1017.1,1012.3,1.0,1.0,21.8,26.0
2017-03-28,21.2,23.8,0.0,7.4,0.0,54.0,19.0,11.0,76.0,69.0,1013.9,1012.4,7.0,8.0,21.8,23.6
2017-03-29,21.4,28.8,0.0,2.4,8.4,30.0,2.0,22.0,84.0,71.0,1012.3,1007.4,8.0,1.0,22.5,27.0
2017-03-30,22.5,26.0,2.4,7.4,0.0,69.0,19.0,28.0,70.0,88.0,1007.0,1007.7,8.0,8.0,25.2,19.2
2017-03-31,15.3,22.6,42.4,,9.9,54.0,20.0,28.0,56.0,53.0,1016.4,1015.6,4.0,2.0,16.9,21.6
2017-04-01,14.5,25.6,0.0,,10.7,35.0,17.0,17.0,63.0,48.0,1018.2,1016.6,1.0,2.0,17.1,22.5
2017-04-02,17.0,22.0,0.0,,5.8,50.0,15.0,22.0,66.0,59.0,1025.1,1024.7,6.0,6.0,19.8,20.1
2017-04-03,14.8,22.0,33.8,4.2,1.5,50.0,19.0,24.0,90.0,49.0,1028.4,1026.3,8.0,7.0,15.7,21.8
2017-04-04,14.9,22.8,7.8,0.4,6.4,41.0,15.0,20.0,78.0,60.0,1028.1,1026.3,3.0,6.0,17.9,20.7
2017-04-05,14.1,23.3,0.4,5.4,10.2,37.0,9.0,22.0,72.0,45.0,1026.1,1023.3,3.0,3.0,18.1,22.9
2017-04-06,13.2,23.4,0.2,6.0,8.7,24.0,17.0,15.0,69.0,42.0,1026.2,1023.9,2.0,3.0,17.1,23.2
2017-04-07,14.1,23.8,0.0,3.4,10.6,28.0,11.0,13.0,69.0,41.0,1028.4,1025.7,2.0,2.0,18.7,23.7
2017-04-08,14.9,24.9,0.0,5.0,9.8,37.0,13.0,20.0,68.0,49.0,1026.2,1021.4,4.0,4.0,18.4,23.1
2017-04-09,15.5,28.7,0.0,7.0,9.6,67.0,7.0,20.0,62.0,35.0,1015.3,1007.1,1.0,4.0,20.1,27.9
2017-04-10,11.7,17.9,8.8,7.8,6.1,54.0,26.0,26.0,51.0,56.0,1009.3,1008.5,7.0,7.0,13.9,15.7
2017-04-11,13.8,23.0,0.0,3.6,2.1,54.0,22.0,26.0,56.0,48.0,1017.2,1017.3,7.0,7.0,17.9,22.2
2017-04-12,15.0,22.7,9.4,4.2,2.8,43.0,19.0,17.0,71.0,75.0,1023.7,1022.2,7.0,7.0,17.4,20.2
2017-04-13,15.3,23.6,19.8,2.4,9.2,31.0,17.0,20.0,80.0,51.0,1023.8,1020.9,4.0,3.0,17.3,22.6
2017-04-14,13.9,24.7,0.0,4.0,10.8,26.0,11.0,15.0,69.0,41.0,1022.1,1019.3,1.0,1.0,17.2,23.5
2017-04-15,13.2,23.8,0.0,5.2,9.8,26.0,13.0,17.0,72.0,55.0,1021.0,1018.7,1.0,4.0,16.5,22.0
2017-04-16,15.2,26.9,0.0,4.4,8.1,39.0,13.0,9.0,75.0,30.0,1020.0,1017.4,3.0,5.0,18.2,26.2
2017-04-17,14.2,24.1,0.0,3.0,8.9,24.0,15.0,13.0,68.0,55.0,1024.4,1022.1,2.0,2.0,17.4,22.3
2017-04-18,16.0,24.3,0.0,4.0,9.3,24.0,15.0,17.0,73.0,55.0,1027.0,1025.3,1.0,1.0,19.2,23.0
2017-04-19,15.2,24.9,0.0,4.6,6.1,30.0,17.0,15.0,72.0,63.0,1030.6,1028.1,3.0,6.0,17.7,22.3
2017-04-20,16.2,24.0,0.2,3.8,9.9,30.0,9.0,20.0,83.0,48.0,1030.3,1027.5,4.0,2.0,19.0,23.0
2017-04-21,14.4,23.9,0.0,4.0,7.2,26.0,15.0,17.0,68.0,58.0,1028.4,1024.8,5.0,6.0,17.9,22.4
2017-04-22,17.7,24.1,0.0,4.2,3.5,19.0,2.0,15.0,68.0,60.0,1025.9,1022.2,7.0,5.0,19.9,22.5
2017-04-23,15.9,26.7,0.0,3.6,9.5,22.0,11.0,17.0,74.0,58.0,1024.1,1020.9,1.0,2.0,18.5,23.6
2017-04-24,15.7,23.9,0.0,3.0,10.0,24.0,15.0,17.0,74.0,61.0,1022.7,1018.4,1.0,3.0,18.2,22.7
2017-04-25,18.2,26.7,0.0,4.4,3.0,39.0,4.0,22.0,69.0,65.0,1014.0,1008.8,7.0,7.0,20.6,21.9
2017-04-26,16.9,24.8,1.8,4.6,7.9,67.0,13.0,41.0,55.0,43.0,1014.9,1003.9,1.0,7.0,20.2,18.1
2017-04-27,12.1,20.0,0.4,7.0,8.2,46.0,22.0,24.0,46.0,45.0,1015.8,1015.2,2.0,4.0,13.1,18.5
2017-04-28,10.2,21.8,0.0,5.0,10.4,44.0,22.0,13.0,51.0,39.0,1022.7,1020.3,1.0,5.0,13.5,20.1
2017-04-29,10.8,22.7,0.0,3.6,10.5,31.0,24.0,13.0,60.0,51.0,1020.8,1018.2,1.0,3.0,14.0,21.2
2017-04-30,14.0,22.6,0.0,3.0,7.8,28.0,15.0,13.0,66.0,59.0,1023.0,1020.9,7.0,4.0,17.2,20.5
2017-05-01,13.2,25.6,0.0,4.0,9.5,30.0,11.0,19.0,78.0,40.0,1019.5,1014.9,5.0,5.0,15.9,24.2
2017-05-02,14.6,23.9,0.0,5.0,8.4,39.0,17.0,15.0,65.0,33.0,1017.5,1016.0,3.0,6.0,17.2,23.2
2017-05-03,14.9,18.4,1.4,5.0,3.4,43.0,17.0,15.0,61.0,67.0,1027.0,1027.3,6.0,8.0,16.9,16.3
2017-05-04,11.8,20.0,3.8,3.8,3.3,24.0,13.0,13.0,78.0,45.0,1031.6,1029.4,6.0,7.0,14.7,19.5
2017-05-05,12.7,21.6,0.4,2.4,8.5,26.0,15.0,20.0,74.0,54.0,1031.2,1027.8,1.0,1.0,15.1,20.5
2017-05-06,12.7,26.2,0.0,4.0,8.4,43.0,11.0,13.0,77.0,39.0,1025.9,1021.1,7.0,6.0,14.8,25.2
2017-05-07,14.6,22.2,0.2,4.0,10.0,50.0,22.0,13.0,47.0,25.0,1023.6,1023.2,1.0,1.0,17.2,21.1
2017-05-08,10.2,20.1,0.0,,9.9,33.0,22.0,20.0,49.0,41.0,1027.9,1025.1,2.0,1.0,12.2,18.9
2017-05-09,10.7,21.0,0.0,9.6,7.5,31.0,19.0,13.0,67.0,45.0,1026.9,1024.0,5.0,1.0,13.3,19.8
2017-05-10,10.5,21.7,0.0,3.4,10.0,37.0,20.0,13.0,70.0,52.0,1025.1,1021.9,1.0,1.0,13.3,20.3
2017-05-11,10.9,22.1,0.0,2.0,8.5,30.0,24.0,19.0,73.0,56.0,1024.7,1022.9,1.0,7.0,13.4,19.7
2017-05-12,12.5,19.6,0.4,2.6,1.7,26.0,19.0,17.0,78.0,71.0,1027.0,1024.5,7.0,7.0,14.1,18.5
2017-05-13,14.0,21.3,3.2,0.6,7.3,28.0,11.0,17.0,86.0,67.0,1024.9,1021.7,1.0,7.0,15.8,20.1
2017-05-14,14.7,18.7,0.0,4.0,0.3,26.0,7.0,9.0,89.0,74.0,1021.9,1019.2,7.0,7.0,16.3,18.1
2017-05-15,13.1,20.8,5.2,1.6,5.5,43.0,20.0,20.0,75.0,49.0,1017.1,1014.0,7.0,1.0,14.6,20.2
2017-05-16,11.1,21.9,0.0,3.0,9.9,33.0,19.0,11.0,59.0,39.0,1017.9,1016.5,1.0,1.0,14.4,20.3
2017-05-17,9.8,20.2,0.0,3.4,9.5,28.0,17.0,17.0,72.0,52.0,1023.4,1021.3,1.0,2.0,12.7,19.6
2017-05-18,12.6,21.5,0.0,3.6,6.4,33.0,15.0,22.0,79.0,62.0,1027.0,1024.7,7.0,4.0,14.8,20.2
2017-05-19,14.8,20.4,0.0,1.4,0.5,43.0,11.0,17.0,78.0,72.0,1025.3,1020.9,7.0,7.0,19.5,20.2
2017-05-20,16.7,23.2,14.6,1.0,5.4,35.0,11.0,9.0,86.0,58.0,1017.9,1015.4,8.0,3.0,17.5,22.8
2017-05-21,13.8,23.5,0.0,4.0,9.2,30.0,22.0,17.0,69.0,49.0,1021.0,1019.3,2.0,1.0,15.7,21.9
2017-05-22,13.0,21.0,0.0,1.0,6.9,22.0,17.0,11.0,84.0,65.0,1024.7,1021.9,2.0,4.0,14.7,20.1
2017-05-23,14.7,22.6,0.0,2.4,8.8,24.0,11.0,17.0,82.0,65.0,1022.1,1017.2,1.0,2.0,16.6,22.4
2017-05-24,14.8,22.7,0.8,3.4,9.0,54.0,7.0,22.0,77.0,31.0,1014.7,1012.7,5.0,1.0,16.7,22.5
2017-05-25,11.6,21.4,0.0,5.6,9.6,33.0,22.0,11.0,60.0,43.0,1021.3,1018.9,1.0,0.0,14.0,19.7
2017-05-26,10.6,20.8,0.0,1.8,9.8,30.0,19.0,13.0,58.0,56.0,1021.7,1019.7,2.0,3.0,14.0,19.6
2017-05-27,12.6,20.6,0.0,2.8,7.0,24.0,19.0,15.0,77.0,65.0,1021.8,1017.6,3.0,3.0,14.2,19.4
2017-05-28,11.9,23.7,0.0,2.4,8.4,48.0,13.0,24.0,83.0,37.0,1013.2,1009.0,1.0,6.0,13.3,23.2
2017-05-29,11.4,18.3,0.0,5.2,9.4,56.0,15.0,19.0,44.0,30.0,1017.8,1018.6,1.0,1.0,13.5,17.5
2017-05-30,7.1,17.1,0.0,3.4,9.7,39.0,17.0,17.0,60.0,37.0,1023.1,1020.1,1.0,6.0,9.7,16.7
2017-05-31,9.7,16.3,0.0,3.4,7.8,52.0,20.0,28.0,58.0,43.0,1025.4,1026.0,6.0,4.0,13.4,15.9
2017-06-01,8.0,18.3,0.0,4.8,9.7,43.0,28.0,26.0,54.0,39.0,1032.8,1031.2,1.0,1.0,10.3,17.8
2017-06-02,8.5,18.1,0.0,3.2,4.8,41.0,24.0,20.0,61.0,50.0,1032.7,1030.8,1.0,4.0,10.7,16.4
2017-06-03,10.7,17.4,0.0,3.4,2.1,41.0,20.0,22.0,64.0,66.0,1031.1,1028.8,4.0,7.0,13.4,16.4
2017-06-04,10.5,19.7,1.4,0.6,6.8,28.0,20.0,17.0,77.0,57.0,1028.3,1024.5,1.0,2.0,12.2,19.0
2017-06-05,9.4,19.6,0.0,2.8,9.4,28.0,20.0,7.0,78.0,41.0,1025.0,1021.5,3.0,5.0,11.5,19.2
2017-06-06,9.1,17.9,0.0,2.2,7.2,59.0,19.0,15.0,58.0,43.0,1019.7,1017.7,2.0,2.0,11.2,14.7
2017-06-07,8.8,15.5,54.6,2.6,0.0,56.0,24.0,17.0,82.0,85.0,1020.2,1019.6,8.0,8.0,13.3,14.2
2017-06-08,12.4,18.1,61.0,1.8,1.3,44.0,17.0,15.0,91.0,84.0,1024.2,1023.4,5.0,6.0,13.3,16.9
2017-06-09,10.4,18.9,3.4,1.6,4.8,52.0,19.0,28.0,90.0,64.0,1027.6,1026.7,6.0,7.0,12.5,18.2
2017-06-10,12.5,18.1,38.8,3.6,0.2,50.0,17.0,15.0,85.0,70.0,1031.9,1030.2,7.0,7.0,15.8,17.5
2017-06-11,12.5,17.2,2.8,1.6,0.2,20.0,15.0,6.0,90.0,85.0,1029.2,1025.9,5.0,6.0,13.1,16.0
2017-06-12,11.3,20.4,1.2,0.8,7.5,26.0,15.0,15.0,92.0,59.0,1025.0,1024.0,2.0,3.0,11.6,19.1
2017-06-13,9.5,18.7,0.0,2.2,9.1,37.0,20.0,22.0,82.0,62.0,1030.0,1029.1,2.0,3.0,11.2,18.2
2017-06-14,11.1,17.8,2.6,1.8,2.9,24.0,13.0,9.0,82.0,78.0,1031.3,1028.4,3.0,7.0,13.3,17.4
2017-06-15,10.7,20.1,0.6,1.2,6.4,22.0,13.0,15.0,89.0,69.0,1027.9,1024.4,2.0,6.0,11.9,18.7
2017-06-16,11.9,17.3,0.0,1.6,0.2,26.0,19.0,7.0,79.0,69.0,1026.2,1023.5,7.0,7.0,13.3,17.2
2017-06-17,13.2,19.1,0.0,1.0,0.2,26.0,9.0,13.0,81.0,67.0,1024.3,1021.8,7.0,7.0,14.6,17.4
2017-06-18,11.3,18.0,1.8,2.0,6.3,52.0,13.0,28.0,83.0,62.0,1025.7,1025.8,3.0,5.0,12.9,17.6
2017-06-19,11.2,18.3,0.4,2.2,1.9,37.0,17.0,19.0,79.0,69.0,1030.4,1028.4,6.0,7.0,12.7,17.2
2017-06-20,11.3,20.0,4.4,2.2,5.8,26.0,19.0,9.0,88.0,60.0,1028.7,1025.2,6.0,1.0,11.9,19.7
2017-06-21,8.6,19.6,0.0,2.0,7.8,37.0,22.0,20.0,73.0,52.0,1025.9,1025.3,2.0,2.0,10.5,17.9
2017-06-22,9.3,19.2,0.0,2.0,9.2,30.0,20.0,7.0,78.0,53.0,1028.5,1024.6,2.0,2.0,11.0,18.7
2017-06-23,9.4,17.7,0.0,2.4,2.7,24.0,15.0,13.0,85.0,56.0,1020.8,1015.0,6.0,6.0,10.2,17.3
2017-06-24,10.1,19.3,0.0,1.4,9.3,43.0,17.0,19.0,56.0,35.0,1017.3,1015.1,5.0,2.0,12.4,19.0
2017-06-25,7.6,19.3,0.0,3.4,9.4,35.0,13.0,13.0,73.0,32.0,1018.6,1015.4,1.0,1.0,9.4,18.8
